Year,Location,Average Yearly Temperature (Celsius),TeamA,TeamB,Round,Full-time score TeamA,Full-time score TeamB,TeamA Elo Rating,TeamB Elo Rating,Form of TeamA,Form of TeamB,ResultsA
1930,Uruguay,17.55,France,Mexico,1,4,1,416,384,Neutral,Neutral,W
1930,Uruguay,17.55,Argentina,France,1,1,0,416.7363068,399.2636932,Neutral,Neutral,W
1930,Uruguay,17.55,Chile,Mexico,1,3,0,415.2636932,368.7363068,Neutral,Neutral,W
1930,Uruguay,17.55,Chile,France,1,1,0,430.5273864,384,Neutral,Neutral,W
1930,Uruguay,17.55,Argentina,Mexico,1,6,3,430.5397823,354.9328313,Neutral,Neutral,W
1930,Uruguay,17.55,Argentina,Chile,1,3,1,446.5392114,414.5279573,Neutral,Neutral,W
1930,Uruguay,17.55,Yugoslavia,Brazil,1,2,1,416,384,Neutral,Neutral,W
1930,Uruguay,17.55,Yugoslavia,Bolivia,1,4,0,431.2636932,384.7363068,Neutral,Neutral,W
1930,Uruguay,17.55,Brazil,Bolivia,1,4,0,400.0339081,368.7023987,Neutral,Neutral,W
1930,Uruguay,17.55,Romania,Peru,1,3,1,416,384,Neutral,Neutral,W
1930,Uruguay,17.55,Uruguay,Peru,1,1,0,415.2636932,368.7363068,Neutral,Neutral,W
1930,Uruguay,17.55,Uruguay,Romania,1,4,0,431.2976013,399.9660919,Neutral,Neutral,W
1930,Uruguay,17.55,United States,Belgium,1,3,0,416,384,Neutral,Neutral,W
1930,Uruguay,17.55,United States,Paraguay,1,3,0,431.2636932,384.7363068,Neutral,Neutral,W
1930,Uruguay,17.55,Paraguay,Belgium,1,1,0,400.7023987,368.0339081,Neutral,Neutral,W
1930,Uruguay,17.55,Argentina,United States,2,6,1,461.8362007,415.9667039,Neutral,Neutral,W
1930,Uruguay,17.55,Uruguay,Yugoslavia,2,6,1,447.2960398,415.2652547,Neutral,Neutral,W
1930,Uruguay,17.55,Uruguay,Argentina,3,4,2,463.9652483,445.1669922,Neutral,Good,W
1934,Italy,13.35,Sweden,Argentina,1,3,2,418.0683779,427.0986143,Neutral,Good,W
1934,Italy,13.35,Austria,France,1,3,2,415.2636932,368.7363068,Neutral,Neutral,W
1934,Italy,13.35,Germany,Belgium,1,5,2,414.5320468,353.5018613,Neutral,Neutral,W
1934,Italy,13.35,Spain,Brazil,1,3,1,416.0015615,384.0323466,Neutral,Neutral,W
1934,Italy,13.35,Hungary,Egypt,1,4,2,416,384,Neutral,Neutral,W
1934,Italy,13.35,Switzerland,Netherlands,1,3,2,416,384,Neutral,Neutral,W
1934,Italy,13.35,Italy,United States,1,7,1,416.7347767,399.2319272,Neutral,Neutral,W
1934,Italy,13.35,Czechoslovakia,Romania,1,2,1,415.9984385,383.9676534,Neutral,Neutral,W
1934,Italy,13.35,Czechoslovakia,Switzerland,2,3,2,431.9985104,399.9999281,Neutral,Neutral,W
1934,Italy,13.35,Germany,Sweden,2,2,1,430.6948953,401.9055295,Neutral,Neutral,W
1934,Italy,13.35,Italy,Spain,2,1,1,416.7010109,416.0353273,Neutral,Neutral,D
1934,Italy,13.35,Austria,Hungary,2,2,1,431.2976013,399.9660919,Neutral,Neutral,W
1934,Italy,13.35,Italy,Spain,2,1,0,432.6703551,400.0659831,Neutral,Neutral,W
1934,Italy,13.35,Italy,Austria,3,1,0,448.6071378,415.3608187,Neutral,Neutral,W
1934,Italy,13.35,Czechoslovakia,Germany,3,3,1,447.938477,414.7549287,Neutral,Neutral,W
1934,Italy,13.35,Germany,Austria,3,3,2,430.7828309,399.3329164,Neutral,Neutral,W
1934,Italy,13.35,Italy,Czechoslovakia,4,2,1,464.5763449,431.9692699,Good,Neutral,W
1938,France,10.7,Switzerland,Germany,1,1,1,401.4138354,429.3689237,Neutral,Neutral,D
1938,France,10.7,Hungary,Dutch East Indies,1,6,0,415.9676534,383.9984385,Neutral,Neutral,W
1938,France,10.7,France,Belgium,1,3,1,384.0351839,338.2029841,Bad,Neutral,W
1938,France,10.7,Cuba,Romania,1,3,3,399.2622068,384.7054466,Neutral,Neutral,D
1938,France,10.7,Italy,Norway,1,2,1,477.6362725,386.9400723,Good,Neutral,W
1938,France,10.7,Brazil,Poland,1,6,5,400.7671669,383.2651797,Neutral,Neutral,W
1938,France,10.7,Czechoslovakia,Netherlands,1,3,0,445.7741339,370.195136,Good,Neutral,W
1938,France,10.7,Cuba,Romania,1,2,1,414.5922352,369.3754182,Neutral,Bad,W
1938,France,10.7,Germany,Switzerland,1,2,4,412.0843153,418.6984438,Bad,Neutral,L
1938,France,10.7,Brazil,Czechoslovakia,2,1,1,402.8282981,443.7130027,Bad,Good,D
1938,France,10.7,Switzerland,Hungary,2,0,2,402.5726888,432.0934084,Bad,Neutral,L
1938,France,10.7,Sweden,Cuba,2,8,0,418.4895143,398.0082503,Neutral,Neutral,W
1938,France,10.7,France,Italy,2,1,3,372.2443303,489.4271261,Bad,Good,L
1938,France,10.7,Brazil,Czechoslovakia,2,2,1,420.7024655,425.8388354,Good,Bad,W
1938,France,10.7,Hungary,Sweden,3,5,1,447.4672458,403.1156768,Good,Neutral,W
1938,France,10.7,Italy,Brazil,3,2,1,502.3028801,407.8267115,Good,Bad,W
1938,France,10.7,Sweden,Brazil,4,2,4,387.3326147,423.6097736,Bad,Good,L
1938,France,10.7,Hungary,Italy,5,2,4,433.9717586,515.7983674,Good,Good,L
1950,Brazil,24.95,Brazil,Mexico,1,4,0,436.4876414,342.0549636,Good,Neutral,W
1950,Brazil,24.95,Yugoslavia,Switzerland,1,3,0,430.6810004,387.1569432,Neutral,Bad,W
1950,Brazil,24.95,Brazil,Switzerland,1,2,2,434.2310227,389.4135618,Good,Bad,D
1950,Brazil,24.95,Yugoslavia,Mexico,1,4,1,442.6858994,330.0500646,Neutral,Bad,W
1950,Brazil,24.95,Brazil,Yugoslavia,1,2,0,450.6203074,426.2966147,Good,Good,W
1950,Brazil,24.95,Switzerland,Mexico,1,2,1,402.7060679,316.7575585,Bad,Bad,W
1950,Brazil,24.95,England,Chile,1,2,0,416.6686475,397.8593098,Neutral,Neutral,W
1950,Brazil,24.95,Spain,United States,1,3,1,416.0275735,383.2703368,Neutral,Bad,W
1950,Brazil,24.95,Spain,Chile,1,2,0,431.1916558,382.6952274,Good,Bad,W
1950,Brazil,24.95,United States,England,1,1,0,400.8036658,399.1353185,Bad,Neutral,W
1950,Brazil,24.95,Spain,England,1,1,0,445.7195818,384.6073925,Good,Neutral,W
1950,Brazil,24.95,Chile,United States,1,5,2,399.5283975,383.9704957,Bad,Bad,W
1950,Brazil,24.95,Sweden,Italy,1,3,2,408.9930412,494.1379408,Bad,Good,W
1950,Brazil,24.95,Sweden,Paraguay,1,2,2,408.6113155,401.0841244,Bad,Neutral,D
1950,Brazil,24.95,Italy,Paraguay,1,2,0,505.9522628,389.2698025,Good,Neutral,W
1950,Brazil,24.95,Uruguay,Bolivia,1,8,0,475.6849613,356.9826857,Good,Neutral,W
1950,Brazil,24.95,Uruguay,Spain,1,2,2,474.308416,447.096127,Good,Good,D
1950,Brazil,24.95,Brazil,Sweden,1,7,1,464.6950946,394.5365282,Good,Bad,W
1950,Brazil,24.95,Brazil,Spain,1,6,1,479.8853247,431.905897,Good,Good,W
1950,Brazil,24.95,Uruguay,Sweden,1,3,2,486.6980064,382.1469379,Good,Bad,W
1950,Brazil,24.95,Sweden,Spain,1,3,1,400.422883,413.6299519,Bad,Bad,W
1950,Brazil,24.95,Uruguay,Brazil,1,2,1,502.384311,464.19902,Good,Good,W
1954,Switzerland,5.5,Brazil,Mexico,1,5,0,473.7893231,307.1672554,Good,Bad,W
1954,Switzerland,5.5,Yugoslavia,France,1,1,0,439.827305,358.71364,Good,Bad,W
1954,Switzerland,5.5,Brazil,Yugoslavia,1,1,1,472.2302768,441.3863513,Good,Good,D
1954,Switzerland,5.5,France,Mexico,1,3,2,372.3571062,293.5237893,Bad,Bad,W
1954,Switzerland,5.5,West Germany,Turkey,1,4,1,416,384,Neutral,Neutral,W
1954,Switzerland,5.5,Hungary,South Korea,1,9,0,448.4122681,385.5594905,Good,Neutral,W
1954,Switzerland,5.5,Hungary,West Germany,1,8,3,462.9239431,401.488325,Good,Neutral,W
1954,Switzerland,5.5,Turkey,South Korea,1,7,0,400.0718167,369.4876738,Neutral,Neutral,W
1954,Switzerland,5.5,West Germany,Turkey,1,7,2,417.4230927,384.137049,Neutral,Neutral,W
1954,Switzerland,5.5,Uruguay,Czechoslovakia,1,2,0,514.9152096,413.3079367,Good,Bad,W
1954,Switzerland,5.5,Austria,Scotland,1,1,0,415.3636367,383.9692797,Good,Neutral,W
1954,Switzerland,5.5,Austria,Czechoslovakia,1,5,0,431.2689693,397.4026041,Good,Bad,W
1954,Switzerland,5.5,Uruguay,Scotland,1,7,0,525.1551152,373.7293741,Good,Neutral,W
1954,Switzerland,5.5,England,Belgium,1,4,4,382.4830078,340.3273688,Neutral,Bad,D
1954,Switzerland,5.5,Switzerland,Italy,1,2,1,423.325546,485.3327847,Bad,Good,W
1954,Switzerland,5.5,England,Switzerland,1,2,0,400.3552599,405.4532939,Bad,Bad,W
1954,Switzerland,5.5,Italy,Belgium,1,4,1,495.0175316,330.6426219,Good,Bad,W
1954,Switzerland,5.5,Switzerland,Italy,1,4,1,425.4888795,474.981946,Good,Bad,W
1954,Switzerland,5.5,Austria,Switzerland,2,7,5,447.0028109,409.7550379,Good,Good,W
1954,Switzerland,5.5,Uruguay,England,2,4,2,535.642928,389.8674471,Good,Bad,W
1954,Switzerland,5.5,Yugoslavia,West Germany,2,0,2,424.284549,434.524895,Bad,Neutral,L
1954,Switzerland,5.5,Brazil,Hungary,2,2,4,455.8018068,479.3524131,Bad,Good,L
1954,Switzerland,5.5,West Germany,Austria,3,6,1,451.0992773,430.4284286,Good,Good,W
1954,Switzerland,5.5,Hungary,Uruguay,3,4,2,497.9222408,517.0731004,Good,Good,W
1954,Switzerland,5.5,Uruguay,Austria,4,1,3,497.1636768,450.3378522,Good,Good,L
1954,Switzerland,5.5,Hungary,West Germany,5,2,3,479.7789238,469.2425943,Good,Good,L
1958,Sweden,2.1,West Germany,Argentina,1,3,1,483.3112554,413.0299532,Good,Bad,W
1958,Sweden,2.1,Northern Ireland,Czechoslovakia,1,1,0,415.8803877,381.5222164,Neutral,Bad,W
1958,Sweden,2.1,Argentina,Northern Ireland,1,3,1,429.1612176,399.7491233,Bad,Neutral,W
1958,Sweden,2.1,West Germany,Czechoslovakia,1,2,2,478.7533624,386.0801094,Good,Bad,D
1958,Sweden,2.1,West Germany,Northern Ireland,1,2,2,475.1765209,403.3259648,Good,Neutral,D
1958,Sweden,2.1,Czechoslovakia,Argentina,1,6,1,404.0539619,411.1873651,Bad,Bad,W
1958,Sweden,2.1,Northern Ireland,Czechoslovakia,1,2,1,419.3594903,388.0204364,Neutral,Bad,W
1958,Sweden,2.1,France,Paraguay,1,7,3,389.13535,372.4915586,Good,Bad,W
1958,Sweden,2.1,Yugoslavia,Scotland,1,1,1,421.9726905,376.0412326,Bad,Neutral,D
1958,Sweden,2.1,Yugoslavia,France,1,3,2,436.4649618,374.6430787,Bad,Bad,W
1958,Sweden,2.1,Paraguay,Scotland,1,3,2,388.6550215,359.8777698,Bad,Neutral,W
1958,Sweden,2.1,France,Scotland,1,2,1,389.9635201,344.5573283,Good,Bad,W
1958,Sweden,2.1,Paraguay,Yugoslavia,1,3,3,390.8429578,434.2770256,Bad,Bad,D
1958,Sweden,2.1,Sweden,Mexico,1,3,0,411.6496777,282.2969946,Bad,Bad,W
1958,Sweden,2.1,Hungary,Wales,1,1,1,476.1682066,403.6107172,Good,Neutral,D
1958,Sweden,2.1,Mexico,Wales,1,1,1,287.6672079,398.2405039,Bad,Neutral,D
1958,Sweden,2.1,Sweden,Hungary,1,2,1,430.5871773,457.2307069,Good,Bad,W
1958,Sweden,2.1,Sweden,Wales,1,0,0,429.101847,399.7258342,Good,Neutral,D
1958,Sweden,2.1,Hungary,Mexico,1,4,0,465.9881183,278.9097966,Bad,Bad,W
1958,Sweden,2.1,Wales,Hungary,1,2,1,418.7408579,446.9730946,Neutral,Bad,W
1958,Sweden,2.1,Brazil,Austria,1,3,0,471.5502031,434.5894558,Bad,Good,W
1958,Sweden,2.1,Soviet Union,England,1,2,2,399.5335109,390.3339361,Neutral,Bad,D
1958,Sweden,2.1,Brazil,England,1,0,0,467.8767238,394.0074155,Bad,Bad,D
1958,Sweden,2.1,Soviet Union,Austria,1,2,0,417.1424406,416.9805262,Neutral,Bad,W
1958,Sweden,2.1,England,Austria,1,2,2,395.0638272,415.9241145,Bad,Bad,D
1958,Sweden,2.1,Brazil,Soviet Union,1,2,0,481.5567898,403.4623745,Bad,Neutral,W
1958,Sweden,2.1,Soviet Union,England,1,1,0,419.0756824,379.4505193,Neutral,Bad,W
1958,Sweden,2.1,France,Northern Ireland,2,4,0,407.3140336,402.0089769,Good,Bad,W
1958,Sweden,2.1,Sweden,Soviet Union,2,2,0,444.6402532,403.5372763,Good,Bad,W
1958,Sweden,2.1,Brazil,Wales,2,1,0,494.6951224,405.6025253,Good,Bad,W
1958,Sweden,2.1,West Germany,Yugoslavia,2,1,0,489.3016818,420.1518647,Good,Bad,W
1958,Sweden,2.1,France,Brazil,3,2,5,395.2553292,506.7538268,Good,Good,L
1958,Sweden,2.1,West Germany,Sweden,3,1,3,471.2562012,462.6857338,Bad,Good,L
1958,Sweden,2.1,West Germany,France,4,3,6,451.8110088,414.7005215,Bad,Good,L
1958,Sweden,2.1,Sweden,Brazil,5,2,5,448.7043311,520.7352296,Good,Good,L
1962,Chile,8.45,Uruguay,Colombia,1,2,1,508.8022376,388.3614392,Good,Neutral,W
1962,Chile,8.45,Soviet Union,Yugoslavia,1,2,0,420.3018236,403.3873173,Good,Bad,W
1962,Chile,8.45,Yugoslavia,Uruguay,1,3,1,424.0981778,488.0913772,Bad,Bad,W
1962,Chile,8.45,Soviet Union,Colombia,1,4,4,418.8350444,389.8282184,Bad,Neutral,D
1962,Chile,8.45,Soviet Union,Uruguay,1,2,1,437.9828342,468.9435874,Good,Bad,W
1962,Chile,8.45,Yugoslavia,Colombia,1,5,0,438.5250862,375.40131,Bad,Neutral,W
1962,Chile,8.45,Chile,Switzerland,1,3,1,415.9992158,393.2842197,Bad,Bad,W
1962,Chile,8.45,West Germany,Italy,1,0,0,452.8764907,473.9164641,Bad,Bad,D
1962,Chile,8.45,Chile,Italy,1,2,0,434.6419693,455.2737105,Good,Bad,W
1962,Chile,8.45,West Germany,Switzerland,1,2,1,466.1587642,380.0019462,Bad,Bad,W
1962,Chile,8.45,West Germany,Chile,1,2,0,480.7113302,420.0894034,Bad,Good,W
1962,Chile,8.45,Italy,Switzerland,1,3,0,467.8605525,367.4151042,Bad,Bad,W
1962,Chile,8.45,Brazil,Mexico,1,2,0,527.1057652,272.539261,Good,Bad,W
1962,Chile,8.45,Czechoslovakia,Spain,1,1,0,405.1976669,396.4527214,Bad,Bad,W
1962,Chile,8.45,Brazil,Czechoslovakia,1,0,0,521.7112774,410.5921547,Good,Bad,D
1962,Chile,8.45,Spain,Mexico,1,1,0,406.9765409,262.0154414,Bad,Bad,W
1962,Chile,8.45,Brazil,Spain,1,2,1,532.6115937,396.0762246,Good,Bad,W
1962,Chile,8.45,Mexico,Czechoslovakia,1,3,1,284.4689709,388.1386252,Bad,Bad,W
1962,Chile,8.45,Argentina,Bulgaria,1,1,0,426.6723459,384.5150192,Bad,Neutral,W
1962,Chile,8.45,Hungary,England,1,2,1,459.9021317,366.5214822,Bad,Bad,W
1962,Chile,8.45,England,Argentina,1,3,1,385.2641838,407.9296443,Bad,Bad,W
1962,Chile,8.45,Hungary,Bulgaria,1,6,1,472.4839038,371.9332471,Good,Neutral,W
1962,Chile,8.45,Hungary,Argentina,1,0,0,469.5448142,410.8687339,Good,Bad,D
1962,Chile,8.45,England,Bulgaria,1,0,0,384.6505726,372.5468584,Bad,Neutral,D
1962,Chile,8.45,Chile,Soviet Union,2,2,1,436.9126985,421.159539,Good,Bad,W
1962,Chile,8.45,Yugoslavia,West Germany,2,1,0,456.458343,462.7780734,Good,Bad,W
1962,Chile,8.45,Brazil,England,2,3,1,542.1818221,375.0803442,Good,Bad,W
1962,Chile,8.45,Czechoslovakia,Hungary,2,1,0,407.8203887,449.8630506,Bad,Bad,W
1962,Chile,8.45,Brazil,Chile,3,4,2,553.4770945,425.6174261,Good,Good,W
1962,Chile,8.45,Czechoslovakia,Yugoslavia,3,3,1,426.0457312,438.2330006,Good,Good,W
1962,Chile,8.45,Chile,Yugoslavia,4,1,0,442.1981395,421.6522871,Good,Good,W
1962,Chile,8.45,Brazil,Czechoslovakia,5,3,1,563.8583852,415.6644405,Good,Bad,W
1966,England,8.45,England,Uruguay,1,0,0,379.3007255,464.7232061,Bad,Bad,D
1966,England,8.45,France,Mexico,1,1,1,408.9690828,290.2004096,Good,Bad,D
1966,England,8.45,Uruguay,France,1,2,1,478.1774489,395.51484,Bad,Bad,W
1966,England,8.45,England,Mexico,1,2,0,391.2851519,278.2159832,Bad,Bad,W
1966,England,8.45,Mexico,Uruguay,1,0,0,286.5265891,469.866843,Bad,Bad,D
1966,England,8.45,England,France,1,2,0,407.4799266,379.3200653,Bad,Bad,W
1966,England,8.45,West Germany,Switzerland,1,5,0,474.493506,355.6996717,Good,Bad,W
1966,England,8.45,Argentina,Spain,1,2,1,426.187925,380.7570335,Bad,Bad,W
1966,England,8.45,Spain,Switzerland,1,2,1,395.6050959,340.8516093,Bad,Bad,W
1966,England,8.45,Argentina,West Germany,1,0,0,428.3982552,472.2831758,Bad,Good,D
1966,England,8.45,Argentina,Switzerland,1,2,0,440.4497989,328.8000656,Bad,Bad,W
1966,England,8.45,West Germany,Spain,1,2,1,484.8082553,383.0800163,Good,Bad,W
1966,England,8.45,Brazil,Bulgaria,1,2,0,571.8424036,364.56284,Good,Neutral,W
1966,England,8.45,Portugal,Hungary,1,3,1,418.2806415,431.5824091,Neutral,Bad,W
1966,England,8.45,Hungary,Brazil,1,3,1,453.7121848,549.7126279,Bad,Good,W
1966,England,8.45,Portugal,Bulgaria,1,3,0,431.8263706,351.0171109,Neutral,Bad,W
1966,England,8.45,Portugal,Brazil,1,3,1,453.0560638,528.4829348,Neutral,Good,W
1966,England,8.45,Hungary,Bulgaria,1,3,1,465.1159818,339.6133139,Bad,Bad,W
1966,England,8.45,Soviet Union,North Korea,1,3,0,436.1863092,384.9732298,Good,Neutral,W
1966,England,8.45,Italy,Chile,1,2,0,482.6808992,427.3777929,Bad,Bad,W
1966,England,8.45,Chile,North Korea,1,1,1,425.4346296,386.9163931,Bad,Neutral,D
1966,England,8.45,Soviet Union,Italy,1,1,0,454.3147736,464.5524348,Good,Bad,W
1966,England,8.45,North Korea,Italy,1,1,0,406.4333232,445.0355047,Neutral,Bad,W
1966,England,8.45,Soviet Union,Chile,1,2,1,468.9878485,410.7615546,Good,Bad,W
1966,England,8.45,England,Argentina,2,1,0,424.9937042,422.9360213,Good,Bad,W
1966,England,8.45,West Germany,Uruguay,2,4,0,500.1206017,454.5544966,Good,Bad,W
1966,England,8.45,Soviet Union,Hungary,2,2,1,484.8095499,449.2942805,Good,Bad,W
1966,England,8.45,Portugal,North Korea,2,5,3,466.9218026,392.5675844,Neutral,Neutral,W
1966,England,8.45,West Germany,Soviet Union,3,2,1,515.4159578,469.5141938,Good,Good,W
1966,England,8.45,England,Portugal,3,2,1,442.9152455,449.0002613,Good,Good,W
1966,England,8.45,Portugal,Soviet Union,4,2,1,465.9438666,452.5705885,Good,Good,W
1966,England,8.45,England,West Germany,5,4,2,462.206394,496.1248093,Good,Good,W
1970,Mexico,21,Mexico,Soviet Union,1,0,0,293.63972,445.4574576,Bad,Bad,D
1970,Mexico,21,Belgium,El Salvador,1,3,0,349.7948847,380.8477372,Bad,Neutral,W
1970,Mexico,21,Soviet Union,Belgium,1,4,1,457.1600852,338.092257,Bad,Bad,W
1970,Mexico,21,Mexico,El Salvador,1,4,0,313.5735281,360.9139292,Bad,Neutral,W
1970,Mexico,21,Soviet Union,El Salvador,1,2,0,468.8377879,349.2362266,Bad,Neutral,W
1970,Mexico,21,Mexico,Belgium,1,1,0,330.7007866,320.9649985,Bad,Bad,W
1970,Mexico,21,Uruguay,Israel,1,2,0,468.062615,386.4918815,Bad,Neutral,W
1970,Mexico,21,Italy,Sweden,1,1,0,461.2044541,432.5353817,Good,Bad,W
1970,Mexico,21,Uruguay,Italy,1,0,0,467.7468261,461.5202431,Bad,Bad,D
1970,Mexico,21,Sweden,Israel,1,1,1,430.4273267,388.5999365,Bad,Neutral,D
1970,Mexico,21,Uruguay,Sweden,1,0,1,450.034779,448.1393738,Bad,Bad,L
1970,Mexico,21,Israel,Italy,1,0,0,391.9095859,458.2105937,Neutral,Bad,D
1970,Mexico,21,Romania,England,1,0,1,357.5515348,474.0302774,Bad,Good,L
1970,Mexico,21,Czechoslovakia,Brazil,1,1,4,404.6847039,539.4626713,Bad,Good,L
1970,Mexico,21,Romania,Czechoslovakia,1,2,1,375.7088793,386.5273594,Bad,Bad,W
1970,Mexico,21,England,Brazil,1,0,1,461.0084238,552.4845249,Good,Good,L
1970,Mexico,21,Romania,Brazil,1,2,3,367.2130494,560.9803548,Bad,Good,L
1970,Mexico,21,England,Czechoslovakia,1,1,0,473.6300387,373.9057446,Good,Bad,W
1970,Mexico,21,Peru,Bulgaria,1,3,2,383.3982757,324.951345,Neutral,Bad,W
1970,Mexico,21,Morocco,West Germany,1,1,2,388.3171165,507.8076928,Neutral,Good,L
1970,Mexico,21,Peru,Morocco,1,3,0,399.6247816,372.0906106,Neutral,Neutral,W
1970,Mexico,21,Bulgaria,West Germany,1,2,5,316.6721437,516.0868941,Bad,Good,L
1970,Mexico,21,Peru,West Germany,1,1,3,388.7958189,526.9158567,Bad,Good,L
1970,Mexico,21,Bulgaria,Morocco,1,1,1,319.2028324,369.559922,Bad,Neutral,D
1970,Mexico,21,Soviet Union,Uruguay,2,0,1,451.9727217,466.8998451,Bad,Bad,L
1970,Mexico,21,Italy,Mexico,2,4,1,468.5887177,320.3226626,Bad,Bad,W
1970,Mexico,21,Brazil,Peru,2,4,2,569.6421237,380.1340499,Good,Bad,W
1970,Mexico,21,West Germany,England,2,3,2,540.4810151,460.0648803,Good,Good,W
1970,Mexico,21,Uruguay,Brazil,3,1,3,455.4980425,581.0439263,Bad,Good,L
1970,Mexico,21,Italy,West Germany,3,4,3,487.8530236,521.2167092,Good,Good,W
1970,Mexico,21,Uruguay,West Germany,4,0,1,442.4889136,534.2258382,Bad,Good,L
1970,Mexico,21,Brazil,Italy,5,4,1,592.8523679,476.044582,Good,Bad,W
1974,West Germany,8.5,West Germany,Chile,1,1,0,544.767928,400.2194648,Good,Bad,W
1974,West Germany,8.5,East Germany,Australia,1,2,0,416,384,Neutral,Neutral,W
1974,West Germany,8.5,Chile,East Germany,1,1,1,400.945686,415.2737788,Bad,Neutral,D
1974,West Germany,8.5,Australia,West Germany,1,0,3,374.9168707,553.8510573,Neutral,Good,L
1974,West Germany,8.5,Australia,Chile,1,0,0,376.1133045,399.7492522,Neutral,Bad,D
1974,West Germany,8.5,East Germany,West Germany,1,1,0,437.3373139,531.7875222,Neutral,Good,W
1974,West Germany,8.5,Brazil,Yugoslavia,1,0,0,585.5499828,428.9546722,Good,Bad,D
1974,West Germany,8.5,Zaire,Scotland,1,0,2,381.4682246,363.0891038,Neutral,Bad,L
1974,West Germany,8.5,Yugoslavia,Zaire,1,9,0,442.7813566,367.6415402,Bad,Neutral,W
1974,West Germany,8.5,Scotland,Brazil,1,0,0,372.1306977,576.5083889,Bad,Good,D
1974,West Germany,8.5,Scotland,Yugoslavia,1,1,1,375.3401642,439.57189,Bad,Bad,D
1974,West Germany,8.5,Zaire,Brazil,1,0,3,360.2476128,583.9023162,Neutral,Good,L
1974,West Germany,8.5,Uruguay,Netherlands,1,0,2,423.2068926,389.4771569,Bad,Neutral,L
1974,West Germany,8.5,Sweden,Bulgaria,1,0,0,442.4599892,324.8822169,Bad,Bad,D
1974,West Germany,8.5,Netherlands,Sweden,1,0,0,391.8983669,440.0387792,Neutral,Bad,D
1974,West Germany,8.5,Uruguay,Bulgaria,1,1,1,418.7960055,329.2931041,Bad,Bad,D
1974,West Germany,8.5,Netherlands,Bulgaria,1,4,1,405.0460919,316.1453791,Bad,Bad,W
1974,West Germany,8.5,Sweden,Uruguay,1,3,0,455.0617305,403.7730542,Bad,Bad,W
1974,West Germany,8.5,Italy,Haiti,1,3,1,488.5974701,387.4471119,Good,Neutral,W
1974,West Germany,8.5,Poland,Argentina,1,3,2,401.0841912,405.1170098,Neutral,Bad,W
1974,West Germany,8.5,Haiti,Poland,1,0,7,372.0748003,416.4565028,Neutral,Neutral,L
1974,West Germany,8.5,Argentina,Italy,1,1,1,408.8891138,484.8253661,Bad,Good,D
1974,West Germany,8.5,Argentina,Haiti,1,4,1,423.2000685,357.7638455,Bad,Neutral,W
1974,West Germany,8.5,Poland,Italy,1,2,1,435.5649853,465.7168836,Neutral,Bad,W
1974,West Germany,8.5,Brazil,East Germany,2,1,0,593.5265383,427.7130918,Good,Neutral,W
1974,West Germany,8.5,Netherlands,Argentina,2,4,0,421.8813534,406.364807,Good,Bad,W
1974,West Germany,8.5,East Germany,Netherlands,2,0,2,411.4445556,438.1498897,Bad,Good,L
1974,West Germany,8.5,Argentina,Brazil,2,1,2,398.2367961,601.6545493,Bad,Good,L
1974,West Germany,8.5,Argentina,East Germany,2,1,1,398.8447431,410.8366086,Bad,Bad,D
1974,West Germany,8.5,Netherlands,Brazil,2,2,0,461.1688881,578.6355509,Good,Good,W
1974,West Germany,8.5,Yugoslavia,West Germany,2,0,2,427.7215873,543.6378249,Bad,Good,L
1974,West Germany,8.5,Sweden,Poland,2,0,1,438.1648135,452.4619023,Bad,Good,L
1974,West Germany,8.5,West Germany,Sweden,2,4,2,554.9245213,426.8781171,Good,Bad,W
1974,West Germany,8.5,Poland,Yugoslavia,2,2,1,467.3244905,412.8589991,Good,Bad,W
1974,West Germany,8.5,Poland,West Germany,2,0,1,455.2752555,566.9737563,Good,Good,L
1974,West Germany,8.5,Sweden,Yugoslavia,2,2,1,442.232863,397.5042532,Bad,Bad,W
1974,West Germany,8.5,Brazil,Poland,3,0,1,557.1818727,476.7289336,Good,Good,L
1974,West Germany,8.5,Netherlands,West Germany,4,1,2,449.8961441,578.2465003,Good,Good,L
1978,Argentina,14.8,Argentina,Hungary,1,2,1,417.1518381,430.9871854,Bad,Bad,W
1978,Argentina,14.8,Italy,France,1,2,1,477.8181945,367.2187544,Bad,Bad,W
1978,Argentina,14.8,Argentina,France,1,2,1,430.8680371,353.5025554,Bad,Bad,W
1978,Argentina,14.8,Italy,Hungary,1,3,1,491.6745136,417.1308663,Good,Bad,W
1978,Argentina,14.8,Argentina,Italy,1,0,1,417.6400341,504.9025166,Bad,Good,L
1978,Argentina,14.8,France,Hungary,1,3,1,372.4004223,398.2329994,Bad,Bad,W
1978,Argentina,14.8,West Germany,Poland,1,0,0,573.700097,481.2753369,Good,Good,D
1978,Argentina,14.8,Tunisia,Mexico,1,3,1,412.3937231,307.9289395,Neutral,Bad,W
1978,Argentina,14.8,Poland,Tunisia,1,1,0,494.1441391,399.5249209,Good,Neutral,W
1978,Argentina,14.8,West Germany,Mexico,1,6,0,579.3963549,302.2326816,Good,Bad,W
1978,Argentina,14.8,Poland,Tunisia,1,3,1,505.8913847,387.7776752,Good,Neutral,W
1978,Argentina,14.8,West Germany,Mexico,1,0,0,568.7920018,312.8370347,Good,Bad,D
1978,Argentina,14.8,Austria,Spain,1,2,1,430.4160774,368.5880534,Bad,Bad,W
1978,Argentina,14.8,Brazil,Sweden,1,1,1,552.0733256,447.3414101,Bad,Bad,D
1978,Argentina,14.8,Austria,Sweden,1,1,0,447.1949017,430.5625857,Bad,Bad,W
1978,Argentina,14.8,Brazil,Spain,1,0,0,544.3303274,376.3310516,Bad,Bad,D
1978,Argentina,14.8,Spain,Sweden,1,1,0,394.8084188,412.0852185,Bad,Bad,W
1978,Argentina,14.8,Brazil,Austria,1,1,0,555.9700926,435.5551366,Bad,Bad,W
1978,Argentina,14.8,Peru,Scotland,1,3,1,395.9132974,359.5609168,Good,Bad,W
1978,Argentina,14.8,Netherlands,Iran,1,3,0,463.6140096,386.2821345,Good,Neutral,W
1978,Argentina,14.8,Scotland,Iran,1,1,1,360.7890538,385.0539975,Bad,Neutral,D
1978,Argentina,14.8,Netherlands,Peru,1,0,0,460.5351462,398.9921608,Good,Bad,D
1978,Argentina,14.8,Peru,Iran,1,4,1,414.3506287,369.6955296,Bad,Neutral,W
1978,Argentina,14.8,Scotland,Netherlands,1,3,2,381.2603563,440.0638437,Bad,Bad,W
1978,Argentina,14.8,Italy,West Germany,2,0,0,507.8120149,565.8825036,Good,Bad,D
1978,Argentina,14.8,Austria,Netherlands,2,1,5,419.7627586,455.8562217,Bad,Bad,L
1978,Argentina,14.8,Italy,Austria,2,1,0,519.8418299,407.7329436,Good,Bad,W
1978,Argentina,14.8,Netherlands,West Germany,2,2,2,460.7602677,560.9784576,Bad,Bad,D
1978,Argentina,14.8,Italy,Netherlands,2,1,2,501.1469495,479.4551481,Good,Bad,L
1978,Argentina,14.8,Austria,West Germany,2,3,2,430.3655192,538.3458819,Bad,Bad,W
1978,Argentina,14.8,Argentina,Poland,2,2,0,437.6189516,485.9124672,Good,Good,W
1978,Argentina,14.8,Peru,Brazil,2,0,3,404.5337411,565.7869802,Bad,Bad,L
1978,Argentina,14.8,Argentina,Brazil,2,0,0,443.2673798,560.138552,Good,Bad,D
1978,Argentina,14.8,Peru,Poland,2,0,1,392.2143069,498.2319015,Bad,Good,L
1978,Argentina,14.8,Argentina,Peru,2,6,0,456.9330757,378.548611,Good,Bad,W
1978,Argentina,14.8,Poland,Brazil,2,1,3,485.0530155,573.317438,Good,Good,L
1978,Argentina,14.8,Brazil,Italy,3,2,1,586.0408562,488.4235313,Good,Bad,W
1978,Argentina,14.8,Netherlands,Argentina,4,1,3,462.4194187,473.9688051,Bad,Good,L
1982,Spain,13.3,Italy,Poland,1,0,0,488.2683182,485.2082286,Bad,Bad,D
1982,Spain,13.3,Peru,Cameroon,1,0,0,379.5352306,399.0133804,Bad,Neutral,D
1982,Spain,13.3,Italy,Peru,1,1,1,483.4182926,384.3852562,Bad,Bad,D
1982,Spain,13.3,Poland,Cameroon,1,0,0,481.3182896,402.9033194,Bad,Neutral,D
1982,Spain,13.3,Poland,Peru,1,5,1,492.9666845,372.7368613,Bad,Bad,W
1982,Spain,13.3,Italy,Cameroon,1,1,1,479.7754208,406.5461913,Bad,Neutral,D
1982,Spain,13.3,West Germany,Algeria,1,1,2,516.2914749,422.054407,Bad,Neutral,L
1982,Spain,13.3,Chile,Austria,1,0,1,385.1555452,444.9592262,Bad,Bad,L
1982,Spain,13.3,West Germany,Chile,1,4,1,526.5237662,374.923254,Bad,Bad,W
1982,Spain,13.3,Algeria,Chile,1,3,2,435.8971537,361.0805073,Neutral,Bad,W
1982,Spain,13.3,West Germany,Austria,1,1,0,538.8350972,432.6478952,Bad,Bad,W
1982,Spain,13.3,Argentina,Belgium,1,0,1,451.3454504,343.5883532,Good,Bad,L
1982,Spain,13.3,Hungary,El Salvador,1,10,1,411.9914548,335.4777712,Bad,Neutral,W
1982,Spain,13.3,Argentina,Hungary,1,4,1,465.5408431,397.7960621,Good,Bad,W
1982,Spain,13.3,Belgium,El Salvador,1,1,0,359.214915,319.8512095,Good,Bad,W
1982,Spain,13.3,Belgium,Hungary,1,1,1,360.9843753,396.0266018,Bad,Bad,D
1982,Spain,13.3,Argentina,El Salvador,1,2,0,475.1990102,310.1930424,Good,Bad,W
1982,Spain,13.3,England,France,1,3,1,472.1113294,360.3539732,Good,Bad,W
1982,Spain,13.3,Czechoslovakia,Kuwait,1,1,1,375.1051751,398.8005695,Bad,Neutral,D
1982,Spain,13.3,England,Czechoslovakia,1,2,0,483.7566062,363.4598983,Good,Bad,W
1982,Spain,13.3,France,Kuwait,1,4,1,378.1173128,381.03723,Bad,Neutral,W
1982,Spain,13.3,France,Czechoslovakia,1,1,1,377.442714,364.134497,Bad,Bad,D
1982,Spain,13.3,England,Kuwait,1,1,0,495.1593764,369.6344597,Good,Neutral,W
1982,Spain,13.3,Spain,Honduras,1,1,1,395.0474822,399.7609366,Bad,Neutral,D
1982,Spain,13.3,Yugoslavia,Northern Ireland,1,0,0,397.7116918,401.8015383,Bad,Bad,D
1982,Spain,13.3,Spain,Yugoslavia,1,2,1,411.1701712,381.5890028,Bad,Bad,W
1982,Spain,13.3,Honduras,Northern Ireland,1,1,1,399.8549087,401.7075662,Neutral,Bad,D
1982,Spain,13.3,Honduras,Yugoslavia,1,0,1,383.0145068,398.4294047,Neutral,Bad,L
1982,Spain,13.3,Spain,Northern Ireland,1,0,1,394.7345098,418.1432275,Bad,Bad,L
1982,Spain,13.3,Brazil,Soviet Union,1,2,1,596.1560207,441.8575572,Good,Bad,W
1982,Spain,13.3,Scotland,New Zealand,1,5,2,398.1225129,383.1378434,Bad,Neutral,W
1982,Spain,13.3,Brazil,Scotland,1,4,1,603.9104338,390.3680998,Good,Bad,W
1982,Spain,13.3,Soviet Union,New Zealand,1,3,0,455.1788707,369.8165299,Good,Neutral,W
1982,Spain,13.3,Soviet Union,Scotland,1,2,2,452.2283684,393.318602,Bad,Bad,D
1982,Spain,13.3,Brazil,New Zealand,1,4,0,610.5110975,363.2158662,Good,Neutral,W
1982,Spain,13.3,Poland,Belgium,2,3,0,503.1650933,350.7859664,Bad,Bad,W
1982,Spain,13.3,Belgium,Soviet Union,2,0,1,339.3291875,463.6851474,Bad,Bad,L
1982,Spain,13.3,Soviet Union,Poland,2,0,0,465.4954809,501.3547598,Bad,Bad,D
1982,Spain,13.3,West Germany,England,2,0,0,536.8342842,497.1601894,Bad,Good,D
1982,Spain,13.3,West Germany,Spain,2,2,1,546.632366,384.936428,Good,Bad,W
1982,Spain,13.3,Spain,England,2,0,0,389.9319861,492.1646312,Bad,Good,D
1982,Spain,13.3,Italy,Argentina,2,2,1,495.5646815,459.4097495,Bad,Good,W
1982,Spain,13.3,Argentina,Brazil,2,1,3,449.9603418,619.9605052,Bad,Good,L
1982,Spain,13.3,Italy,Brazil,2,3,2,517.0604641,598.4647226,Bad,Good,W
1982,Spain,13.3,Austria,France,2,0,1,414.1267839,395.9638253,Bad,Good,L
1982,Spain,13.3,Austria,Northern Ireland,2,2,2,414.3117397,417.9582717,Bad,Bad,D
1982,Spain,13.3,Northern Ireland,France,2,1,4,400.9467409,412.9753561,Bad,Good,L
1982,Spain,13.3,Poland,Italy,3,0,2,486.0775419,532.3376819,Bad,Good,L
1982,Spain,13.3,West Germany,France,3,1,1,540.7639094,418.8438127,Good,Good,D
1982,Spain,13.3,Poland,France,4,3,2,499.0193929,405.9019617,Good,Bad,W
1982,Spain,13.3,Italy,West Germany,5,3,1,548.725648,524.3759434,Good,Bad,W
1986,Mexico,21,Bulgaria,Italy,1,1,1,325.498949,539.3720781,Bad,Good,D
1986,Mexico,21,Argentina,South Korea,1,3,1,462.3193173,357.1286984,Good,Neutral,W
1986,Mexico,21,Italy,Argentina,1,1,1,535.8807207,465.8106747,Good,Bad,D
1986,Mexico,21,South Korea,Bulgaria,1,1,1,355.6761054,326.951542,Neutral,Bad,D
1986,Mexico,21,South Korea,Italy,1,2,3,347.3028783,544.2539478,Bad,Good,L
1986,Mexico,21,Argentina,Bulgaria,1,2,0,475.7360273,317.0261894,Bad,Bad,W
1986,Mexico,21,Belgium,Mexico,1,1,2,322.1115377,330.0546845,Bad,Bad,L
1986,Mexico,21,Paraguay,Iraq,1,1,0,407.2645575,383.5784002,Bad,Neutral,W
1986,Mexico,21,Mexico,Paraguay,1,1,1,333.552932,403.76631,Bad,Bad,D
1986,Mexico,21,Iraq,Belgium,1,1,2,364.7769139,340.913024,Neutral,Bad,L
1986,Mexico,21,Iraq,Mexico,1,0,1,347.3428551,350.9869908,Neutral,Bad,L
1986,Mexico,21,Paraguay,Belgium,1,2,2,400.9029775,343.7763566,Bad,Bad,D
1986,Mexico,21,Canada,France,1,0,1,384.2717692,421.6301925,Neutral,Good,L
1986,Mexico,21,Soviet Union,Hungary,1,6,0,478.338283,383.1837997,Good,Bad,W
1986,Mexico,21,France,Soviet Union,1,1,1,424.2187505,475.749725,Bad,Bad,D
1986,Mexico,21,Hungary,Canada,1,2,0,399.2339024,368.2216666,Bad,Neutral,W
1986,Mexico,21,Hungary,France,1,0,3,384.3825179,439.070135,Bad,Bad,L
1986,Mexico,21,Soviet Union,Canada,1,2,0,486.9501468,357.0212447,Good,Neutral,W
1986,Mexico,21,Spain,Brazil,1,0,1,382.5271182,605.8695905,Bad,Good,L
1986,Mexico,21,Algeria,Northern Ireland,1,1,1,434.293035,402.5508596,Neutral,Bad,D
1986,Mexico,21,Brazil,Algeria,1,1,0,614.5534862,425.6091393,Good,Neutral,W
1986,Mexico,21,Northern Ireland,Spain,1,1,2,385.6297519,399.448226,Bad,Bad,L
1986,Mexico,21,Northern Ireland,Brazil,1,0,3,378.871798,621.3114401,Bad,Good,L
1986,Mexico,21,Algeria,Spain,1,0,3,408.4066564,416.6507088,Bad,Bad,L
1986,Mexico,21,Uruguay,West Germany,1,1,1,409.1142002,519.0347974,Bad,Bad,D
1986,Mexico,21,Scotland,Denmark,1,0,1,377.6262538,415.6923482,Bad,Neutral,L
1986,Mexico,21,West Germany,Scotland,1,2,1,528.8599496,367.8011016,Bad,Bad,W
1986,Mexico,21,Denmark,Uruguay,1,6,1,431.3894495,393.4170989,Neutral,Bad,W
1986,Mexico,21,Denmark,West Germany,1,2,0,451.7639653,508.4854337,Neutral,Bad,W
1986,Mexico,21,Scotland,Uruguay,1,0,0,368.978629,392.2395715,Bad,Bad,D
1986,Mexico,21,Morocco,Poland,1,0,0,375.2603428,493.3189721,Neutral,Bad,D
1986,Mexico,21,Portugal,England,1,1,0,483.1490901,474.9594077,Good,Bad,W
1986,Mexico,21,England,Morocco,1,0,0,470.4901019,379.7296487,Bad,Bad,D
1986,Mexico,21,Poland,Portugal,1,1,0,508.8507654,467.6172968,Bad,Good,W
1986,Mexico,21,Portugal,Morocco,1,1,3,447.6540966,399.6928488,Bad,Bad,L
1986,Mexico,21,England,Poland,1,3,0,488.249532,491.0913353,Bad,Bad,W
1986,Mexico,21,Mexico,Bulgaria,2,2,0,365.4280001,302.5851801,Good,Bad,W
1986,Mexico,21,Soviet Union,Belgium,2,2,2,480.7062502,350.0202532,Bad,Bad,D
1986,Mexico,21,Argentina,Uruguay,2,1,0,487.9632276,380.0123712,Good,Bad,W
1986,Mexico,21,Brazil,Poland,2,4,0,631.5804609,480.8223144,Good,Bad,W
1986,Mexico,21,Italy,France,2,0,2,523.5528095,459.7712733,Bad,Good,L
1986,Mexico,21,Morocco,West Germany,2,0,1,388.5453624,519.6329201,Bad,Bad,L
1986,Mexico,21,England,Paraguay,2,3,0,500.3097303,388.8427792,Bad,Bad,W
1986,Mexico,21,Denmark,Spain,2,1,5,434.1524231,434.2622511,Neutral,Good,L
1986,Mexico,21,Brazil,France,3,1,1,624.255886,467.0958481,Good,Good,D
1986,Mexico,21,West Germany,Mexico,3,0,0,512.9637964,372.0971238,Bad,Good,D
1986,Mexico,21,Spain,Belgium,3,1,1,430.4570433,353.8254609,Good,Bad,D
1986,Mexico,21,Argentina,England,3,2,1,504.5315659,483.7413921,Good,Bad,W
1986,Mexico,21,Argentina,Belgium,4,2,0,513.9961312,344.3608956,Good,Bad,W
1986,Mexico,21,France,West Germany,4,0,2,453.1959585,526.8636861,Bad,Good,L
1986,Mexico,21,France,Belgium,5,2,2,448.3416687,349.2151854,Bad,Bad,D
1986,Mexico,21,Argentina,West Germany,6,3,2,530.5884333,510.2713841,Good,Bad,W
1990,Italy,13.35,Italy,Austria,1,1,0,534.6815495,403.1829998,Bad,Bad,W
1990,Italy,13.35,United States,Czechoslovakia,1,1,5,367.0580054,381.0469873,Bad,Bad,L
1990,Italy,13.35,Italy,United States,1,1,0,543.5101726,358.2293823,Good,Bad,W
1990,Italy,13.35,Austria,Czechoslovakia,1,0,1,386.1649759,398.0650112,Bad,Bad,L
1990,Italy,13.35,Italy,Czechoslovakia,1,2,0,553.177832,388.3973518,Good,Bad,W
1990,Italy,13.35,Austria,United States,1,2,1,400.8812594,343.5130987,Bad,Bad,W
1990,Italy,13.35,Argentina,Cameroon,1,0,1,509.1070176,428.0276069,Good,Neutral,L
1990,Italy,13.35,Soviet Union,Romania,1,0,2,459.6579914,388.2613082,Bad,Bad,L
1990,Italy,13.35,Argentina,Soviet Union,1,2,0,522.8450584,445.9199506,Good,Bad,W
1990,Italy,13.35,Cameroon,Romania,1,2,1,442.2042564,374.0846587,Bad,Bad,W
1990,Italy,13.35,Argentina,Romania,1,1,1,516.3844475,380.5452696,Good,Bad,D
1990,Italy,13.35,Cameroon,Soviet Union,1,0,4,426.3753639,461.7488431,Bad,Bad,L
1990,Italy,13.35,Brazil,Sweden,1,2,1,631.5422386,404.798866,Good,Bad,W
1990,Italy,13.35,Costa Rica,Scotland,1,1,0,414.5751973,354.4034317,Neutral,Bad,W
1990,Italy,13.35,Brazil,Costa Rica,1,1,0,638.6743907,407.4430452,Good,Neutral,W
1990,Italy,13.35,Sweden,Scotland,1,1,2,386.4942107,372.708087,Bad,Bad,L
1990,Italy,13.35,Brazil,Scotland,1,1,0,644.3653906,367.017087,Good,Bad,W
1990,Italy,13.35,Sweden,Costa Rica,1,1,2,371.4577728,422.4794831,Bad,Neutral,L
1990,Italy,13.35,United Arab Emirates,Colombia,1,0,2,382.8690775,392.5322325,Neutral,Neutral,L
1990,Italy,13.35,West Germany,Yugoslavia,1,4,1,521.2916992,387.4090896,Good,Bad,W
1990,Italy,13.35,Yugoslavia,Colombia,1,1,0,403.6450019,376.2963202,Bad,Bad,W
1990,Italy,13.35,West Germany,United Arab Emirates,1,5,1,531.2342644,372.9265123,Good,Neutral,W
1990,Italy,13.35,West Germany,Colombia,1,1,1,524.5372732,382.9933114,Good,Bad,D
1990,Italy,13.35,Yugoslavia,United Arab Emirates,1,4,1,418.2340379,358.3374763,Good,Neutral,W
1990,Italy,13.35,Belgium,South Korea,1,2,0,365.1271213,331.3909424,Bad,Bad,W
1990,Italy,13.35,Uruguay,Spain,1,0,0,382.3192468,428.1501677,Bad,Good,D
1990,Italy,13.35,Belgium,Uruguay,1,3,1,381.9182023,365.5281658,Bad,Bad,W
1990,Italy,13.35,South Korea,Spain,1,1,3,319.7351344,439.8059756,Bad,Good,L
1990,Italy,13.35,Belgium,Spain,1,1,2,368.5596355,453.1645424,Bad,Good,L
1990,Italy,13.35,South Korea,Uruguay,1,0,1,305.8318541,379.4314461,Bad,Bad,L
1990,Italy,13.35,England,Ireland,1,1,1,479.9579416,403.7834505,Bad,Neutral,D
1990,Italy,13.35,Netherlands,Egypt,1,1,1,458.8681728,387.5512458,Bad,Neutral,D
1990,Italy,13.35,England,Netherlands,1,0,0,478.987913,459.8382014,Bad,Bad,D
1990,Italy,13.35,Ireland,Egypt,1,0,0,403.0364732,388.2982231,Neutral,Neutral,D
1990,Italy,13.35,England,Egypt,1,1,0,490.9038354,376.3823007,Bad,Neutral,W
1990,Italy,13.35,Ireland,Netherlands,1,1,1,405.6292304,457.2454443,Neutral,Bad,D
1990,Italy,13.35,Cameroon,Colombia,2,0,0,424.3878648,384.9808105,Bad,Bad,D
1990,Italy,13.35,Czechoslovakia,Costa Rica,2,4,1,405.9618768,404.9149581,Good,Neutral,W
1990,Italy,13.35,Brazil,Argentina,2,0,1,622.7245057,538.0253325,Good,Good,L
1990,Italy,13.35,West Germany,Netherlands,2,2,1,537.4765464,444.3061711,Good,Bad,W
1990,Italy,13.35,Ireland,Romania,2,0,0,404.4760742,381.6984258,Neutral,Bad,D
1990,Italy,13.35,Italy,Uruguay,2,2,0,561.782922,370.8263562,Good,Bad,W
1990,Italy,13.35,Spain,Yugoslavia,2,1,1,451.5613313,419.837249,Bad,Good,D
1990,Italy,13.35,England,Cameroon,2,0,0,487.8775453,427.4141548,Bad,Bad,D
1990,Italy,13.35,Yugoslavia,Argentina,3,0,0,425.0793533,532.7832281,Bad,Bad,D
1990,Italy,13.35,Italy,Ireland,3,1,0,570.9962084,395.2627878,Good,Bad,W
1990,Italy,13.35,West Germany,Czechoslovakia,3,1,0,547.6936685,395.7447547,Good,Good,W
1990,Italy,13.35,England,Cameroon,3,2,2,485.1208764,430.1708238,Bad,Bad,D
1990,Italy,13.35,Italy,Argentina,4,1,1,569.2434974,534.5359392,Good,Bad,D
1990,Italy,13.35,West Germany,England,4,1,1,544.8428413,487.9717036,Good,Bad,D
1990,Italy,13.35,Italy,England,5,2,1,581.5675958,475.6476052,Good,Bad,W
1990,Italy,13.35,West Germany,Argentina,6,1,0,560.3683301,519.0104504,Good,Bad,W
1994,United States,8.55,United States,Switzerland,1,1,1,342.8359432,329.4772211,Bad,Bad,D
1994,United States,8.55,Colombia,Romania,1,1,3,368.8296556,397.8495807,Bad,Bad,L
1994,United States,8.55,Romania,Switzerland,1,1,4,378.7409432,348.5858585,Bad,Bad,L
1994,United States,8.55,United States,Colombia,1,2,1,360.0307694,351.6348294,Bad,Bad,W
1994,United States,8.55,United States,Colombia,1,0,1,343.6441973,368.0214015,Bad,Bad,L
1994,United States,8.55,Switzerland,Colombia,1,0,2,333.4799659,383.1272941,Bad,Bad,L
1994,United States,8.55,Cameroon,Sweden,1,2,2,427.4924355,374.1361611,Bad,Bad,D
1994,United States,8.55,Brazil,Russia,1,2,0,629.6746518,393.0498539,Good,Neutral,W
1994,United States,8.55,Brazil,Cameroon,1,3,0,637.2896159,419.8774714,Good,Bad,W
1994,United States,8.55,Sweden,Russia,1,3,1,391.0063094,376.1797056,Bad,Neutral,W
1994,United States,8.55,Russia,Cameroon,1,6,1,394.1815178,401.8756591,Neutral,Bad,W
1994,United States,8.55,Brazil,Sweden,1,1,1,627.530229,400.7656964,Good,Bad,D
1994,United States,8.55,Germany,Bolivia,1,1,0,425.5678545,343.4991465,Bad,Neutral,W
1994,United States,8.55,Spain,South Korea,1,2,2,445.2179519,312.1752335,Bad,Bad,D
1994,United States,8.55,Germany,Spain,1,1,1,426.4718113,444.3139951,Bad,Bad,D
1994,United States,8.55,South Korea,Bolivia,1,0,0,313.6138572,342.0605227,Bad,Bad,D
1994,United States,8.55,Bolivia,Spain,1,1,3,330.6380606,455.7364573,Bad,Bad,L
1994,United States,8.55,Germany,South Korea,1,3,2,437.4499096,302.6357589,Bad,Bad,W
1994,United States,8.55,Argentina,Greece,1,4,0,529.7345661,389.2758842,Bad,Neutral,W
1994,United States,8.55,Nigeria,Bulgaria,1,3,0,411.6278567,290.9573234,Neutral,Bad,W
1994,United States,8.55,Argentina,Nigeria,1,2,1,540.4958072,400.8666156,Bad,Neutral,W
1994,United States,8.55,Greece,Bulgaria,1,0,4,368.8652573,311.3679504,Neutral,Bad,L
1994,United States,8.55,Greece,Nigeria,1,0,2,354.3348209,415.3970521,Neutral,Neutral,L
1994,United States,8.55,Argentina,Bulgaria,1,0,2,515.2474994,336.6162582,Bad,Bad,L
1994,United States,8.55,Italy,Ireland,1,0,1,557.7255533,419.1048303,Good,Bad,L
1994,United States,8.55,Norway,Mexico,1,1,0,402.2569448,356.7802513,Neutral,Bad,W
1994,United States,8.55,Italy,Norway,1,1,0,567.0084183,392.9740798,Good,Neutral,W
1994,United States,8.55,Mexico,Ireland,1,3,2,375.6200093,400.2650722,Good,Bad,W
1994,United States,8.55,Ireland,Norway,1,0,0,399.9293589,393.3097931,Bad,Neutral,D
1994,United States,8.55,Italy,Mexico,1,1,1,558.9897851,383.6386426,Bad,Bad,D
1994,United States,8.55,Belgium,Morocco,1,1,0,385.4789985,371.6259995,Good,Bad,W
1994,United States,8.55,Netherlands,Saudi Arabia,1,2,1,458.2767854,386.0293857,Bad,Neutral,W
1994,United States,8.55,Belgium,Netherlands,1,1,0,404.7832466,438.9725372,Good,Bad,W
1994,United States,8.55,Saudi Arabia,Morocco,1,2,1,401.366465,356.2889202,Neutral,Bad,W
1994,United States,8.55,Morocco,Netherlands,1,1,2,344.0263491,451.2351083,Bad,Bad,L
1994,United States,8.55,Belgium,Saudi Arabia,1,0,1,388.6259031,417.5238085,Good,Neutral,L
1994,United States,8.55,Germany,Belgium,2,3,2,451.2161655,374.8596472,Good,Bad,W
1994,United States,8.55,Spain,Switzerland,2,3,0,466.327754,322.8886692,Bad,Bad,W
1994,United States,8.55,Saudi Arabia,Sweden,2,1,3,400.7526669,417.536838,Neutral,Bad,L
1994,United States,8.55,Romania,Argentina,2,3,2,400.7226297,493.2658129,Bad,Bad,W
1994,United States,8.55,Netherlands,Ireland,2,2,0,464.8894168,386.2750504,Good,Bad,W
1994,United States,8.55,Brazil,United States,2,1,0,632.7545053,338.419921,Good,Bad,W
1994,United States,8.55,Nigeria,Italy,2,1,1,421.6572959,552.7295413,Neutral,Bad,D
1994,United States,8.55,Mexico,Bulgaria,2,1,1,381.4863074,338.7685934,Bad,Bad,D
1994,United States,8.55,Italy,Spain,3,2,1,564.8306369,454.2266583,Bad,Bad,W
1994,United States,8.55,Netherlands,Brazil,3,2,3,456.0696797,641.5742423,Good,Good,L
1994,United States,8.55,Bulgaria,Germany,3,2,1,359.7734518,430.2113072,Good,Good,W
1994,United States,8.55,Romania,Sweden,3,1,1,401.4963487,416.7631191,Bad,Bad,D
1994,United States,8.55,Bulgaria,Italy,4,1,2,352.254106,572.3499827,Good,Good,L
1994,United States,8.55,Sweden,Brazil,4,0,1,409.8781013,648.4592601,Bad,Good,L
1994,United States,8.55,Sweden,Bulgaria,5,4,0,423.2484859,338.8837214,Bad,Bad,W
1994,United States,8.55,Brazil,Italy,6,0,0,645.0093073,575.7999355,Good,Bad,D
1998,France,10.7,Brazil,Scotland,1,2,1,650.3835927,361.6428017,Good,Bad,W
1998,France,10.7,Morocco,Norway,1,2,2,346.2808349,391.0553074,Bad,Bad,D
1998,France,10.7,Scotland,Norway,1,1,1,362.9940711,389.7040379,Bad,Bad,D
1998,France,10.7,Brazil,Morocco,1,3,0,655.1188586,341.545569,Good,Bad,W
1998,France,10.7,Scotland,Morocco,1,0,3,346.007584,358.5320561,Bad,Bad,L
1998,France,10.7,Brazil,Norway,1,1,2,628.8247273,415.9981692,Good,Bad,L
1998,France,10.7,Cameroon,Austria,1,1,1,401.8298655,400.9270531,Bad,Bad,D
1998,France,10.7,Italy,Chile,1,2,2,567.0040558,369.8763871,Bad,Bad,D
1998,France,10.7,Chile,Austria,1,1,1,371.3025282,399.500912,Bad,Bad,D
1998,France,10.7,Italy,Cameroon,1,3,0,575.9230999,392.9108213,Good,Bad,W
1998,France,10.7,Italy,Austria,1,2,1,584.4316327,390.9923793,Good,Bad,W
1998,France,10.7,Chile,Cameroon,1,1,1,372.2963458,391.9170037,Bad,Bad,D
1998,France,10.7,Saudi Arabia,Denmark,1,0,1,386.2860618,448.6190282,Bad,Good,L
1998,France,10.7,France,South Africa,1,3,0,462.1297084,386.2119603,Bad,Neutral,W
1998,France,10.7,France,Saudi Arabia,1,4,0,474.6914215,373.7243487,Bad,Bad,W
1998,France,10.7,South Africa,Denmark,1,1,1,389.0553973,445.7755912,Neutral,Good,D
1998,France,10.7,France,Denmark,1,2,1,489.3628644,431.1041483,Good,Bad,W
1998,France,10.7,South Africa,Saudi Arabia,1,2,2,388.3498343,374.4299117,Neutral,Bad,D
1998,France,10.7,Paraguay,Bulgaria,1,0,0,386.5578064,341.1686942,Bad,Bad,D
1998,France,10.7,Spain,Nigeria,1,2,3,436.7311617,439.1527924,Bad,Good,L
1998,France,10.7,Nigeria,Bulgaria,1,1,0,450.7564014,329.5650852,Good,Bad,W
1998,France,10.7,Spain,Paraguay,1,0,0,434.4365223,388.8524458,Bad,Bad,D
1998,France,10.7,Spain,Bulgaria,1,6,1,445.748531,318.2530765,Bad,Bad,W
1998,France,10.7,Nigeria,Paraguay,1,1,3,431.9354076,407.6734396,Good,Bad,L
1998,France,10.7,Netherlands,Belgium,1,0,0,452.3964723,378.5328546,Bad,Bad,D
1998,France,10.7,South Korea,Mexico,1,1,3,290.2058757,393.9161905,Bad,Bad,L
1998,France,10.7,Netherlands,South Korea,1,5,0,461.4264239,281.1759242,Good,Bad,W
1998,France,10.7,Belgium,Mexico,1,2,2,379.2408208,393.2082243,Bad,Bad,D
1998,France,10.7,Belgium,South Korea,1,1,1,374.84099,285.575755,Bad,Bad,D
1998,France,10.7,Netherlands,Mexico,1,2,2,458.3246184,396.3100298,Bad,Bad,D
1998,France,10.7,Yugoslavia,Iran,1,1,0,438.5502202,356.2246627,Good,Neutral,W
1998,France,10.7,Germany,United States,1,2,0,442.0798387,326.5513895,Good,Bad,W
1998,France,10.7,Germany,Yugoslavia,1,2,2,441.9172994,438.7127595,Good,Bad,D
1998,France,10.7,United States,Iran,1,1,2,311.9145813,370.8614709,Bad,Bad,L
1998,France,10.7,Germany,Iran,1,2,0,454.689929,358.0888412,Good,Bad,W
1998,France,10.7,United States,Yugoslavia,1,0,1,301.5077109,449.1196299,Bad,Bad,L
1998,France,10.7,Romania,Colombia,1,1,0,416.6512098,367.972433,Good,Bad,W
1998,France,10.7,England,Tunisia,1,2,0,487.685171,375.7401094,Bad,Neutral,W
1998,France,10.7,Colombia,Tunisia,1,1,0,384.3300881,359.3824543,Good,Bad,W
1998,France,10.7,Romania,England,1,2,1,435.877614,468.4587667,Good,Bad,W
1998,France,10.7,Romania,Tunisia,1,1,1,432.410721,362.8493474,Good,Bad,D
1998,France,10.7,Colombia,England,1,0,2,372.1303721,480.6584828,Good,Bad,L
1998,France,10.7,Jamaica,Croatia,1,1,3,384,416,Neutral,Neutral,L
1998,France,10.7,Argentina,Japan,1,1,0,505.0710416,388.1947713,Good,Neutral,W
1998,France,10.7,Japan,Croatia,1,0,1,373.4725226,430.7222486,Neutral,Neutral,L
1998,France,10.7,Argentina,Jamaica,1,5,0,515.7107476,373.3602941,Good,Neutral,W
1998,France,10.7,Japan,Jamaica,1,1,2,357.4673543,389.3654624,Neutral,Neutral,L
1998,France,10.7,Argentina,Croatia,1,1,0,527.8731232,418.559873,Good,Neutral,W
1998,France,10.7,Brazil,Chile,2,4,1,634.7743906,366.3466825,Good,Bad,W
1998,France,10.7,Italy,Norway,2,1,0,593.2304818,407.1993201,Good,Bad,W
1998,France,10.7,Nigeria,Denmark,2,1,4,415.8971268,447.1424291,Bad,Bad,L
1998,France,10.7,France,Paraguay,2,0,0,485.6687503,411.3675536,Good,Bad,D
1998,France,10.7,Germany,Mexico,2,2,1,468.0264554,382.9735035,Good,Bad,W
1998,France,10.7,Netherlands,Yugoslavia,2,2,1,473.9008121,433.5434361,Bad,Bad,W
1998,France,10.7,Argentina,England,2,2,2,525.7120952,482.8195108,Good,Bad,D
1998,France,10.7,Romania,Croatia,2,0,1,415.7732035,435.1973904,Bad,Neutral,L
1998,France,10.7,Italy,France,3,0,0,588.4294925,490.4697396,Good,Good,D
1998,France,10.7,Brazil,Denmark,3,3,2,642.8859994,439.0308203,Good,Bad,W
1998,France,10.7,Germany,Croatia,3,0,3,450.5191045,452.7047413,Good,Good,L
1998,France,10.7,Netherlands,Argentina,3,2,1,492.269279,507.3436283,Good,Good,W
1998,France,10.7,Brazil,Netherlands,4,1,1,636.3539947,498.8012837,Good,Good,D
1998,France,10.7,France,Croatia,4,2,1,504.7374142,438.4370667,Good,Good,W
1998,France,10.7,Netherlands,Croatia,5,1,2,480.0490466,457.1893039,Bad,Good,L
1998,France,10.7,Brazil,France,6,0,3,614.5670371,526.5243718,Bad,Good,L
2002,South Korea and Japan,11.15,France,Senegal,1,0,1,504.9423136,421.5820582,Bad,Neutral,L
2002,South Korea and Japan,11.15,Uruguay,Denmark,1,1,2,357.9275529,451.9296236,Bad,Bad,L
2002,South Korea and Japan,11.15,France,Uruguay,1,0,0,498.5491215,364.3207451,Bad,Bad,D
2002,South Korea and Japan,11.15,Denmark,Senegal,1,1,1,450.53561,422.9760718,Bad,Neutral,D
2002,South Korea and Japan,11.15,Denmark,France,1,2,0,468.732745,480.3519864,Good,Bad,W
2002,South Korea and Japan,11.15,Senegal,Uruguay,1,3,3,420.3002674,366.9965495,Neutral,Bad,D
2002,South Korea and Japan,11.15,Paraguay,South Africa,1,2,2,410.3090966,389.4082914,Bad,Neutral,D
2002,South Korea and Japan,11.15,Spain,Slovenia,1,3,1,459.6538256,386.0947055,Bad,Neutral,W
2002,South Korea and Japan,11.15,Spain,Paraguay,1,3,1,473.3965736,396.5663485,Good,Bad,W
2002,South Korea and Japan,11.15,South Africa,Slovenia,1,1,0,405.2556997,370.2472971,Bad,Neutral,W
2002,South Korea and Japan,11.15,South Africa,Spain,1,2,3,392.354078,486.2981954,Bad,Good,L
2002,South Korea and Japan,11.15,Slovenia,Paraguay,1,1,3,355.4570212,411.3566245,Neutral,Bad,L
2002,South Korea and Japan,11.15,Brazil,Turkey,1,2,1,621.2788852,377.4252008,Good,Neutral,W
2002,South Korea and Japan,11.15,China,Costa Rica,1,0,2,384.2263271,420.688631,Neutral,Good,L
2002,South Korea and Japan,11.15,Brazil,China,1,4,0,627.7907654,377.7144469,Good,Neutral,W
2002,South Korea and Japan,11.15,Costa Rica,Turkey,1,1,1,418.7065106,379.4073212,Bad,Bad,D
2002,South Korea and Japan,11.15,Costa Rica,Brazil,1,2,5,411.3196962,635.1775799,Bad,Good,L
2002,South Korea and Japan,11.15,Turkey,China,1,3,0,395.3293621,361.792406,Bad,Neutral,W
2002,South Korea and Japan,11.15,South Korea,Poland,1,2,0,309.7266951,456.6713743,Bad,Bad,W
2002,South Korea and Japan,11.15,United States,Portugal,1,3,2,323.8672642,425.2945434,Bad,Bad,W
2002,South Korea and Japan,11.15,South Korea,United States,1,1,1,310.3775331,323.2164263,Bad,Bad,D
2002,South Korea and Japan,11.15,Portugal,Poland,1,4,0,442.7355843,439.2303334,Bad,Bad,W
2002,South Korea and Japan,11.15,Portugal,South Korea,1,0,1,420.9189705,332.1941468,Bad,Bad,L
2002,South Korea and Japan,11.15,Poland,United States,1,3,1,450.0777884,312.3689712,Bad,Bad,W
2002,South Korea and Japan,11.15,Ireland,Germany,1,1,1,389.2003342,447.5938206,Bad,Bad,D
2002,South Korea and Japan,11.15,Germany,Saudi Arabia,1,8,0,460.2734345,361.7502978,Good,Bad,W
2002,South Korea and Japan,11.15,Germany,Ireland,1,1,1,457.0453011,392.4284676,Bad,Bad,D
2002,South Korea and Japan,11.15,Cameroon,Cameroon,1,0,2,375.9170037,407.9170037,Bad,Bad,L
2002,South Korea and Japan,11.15,Saudi Arabia,Ireland,1,0,3,347.1594195,407.0193459,Bad,Bad,L
2002,South Korea and Japan,11.15,England,Sweden,1,1,1,480.1027345,425.9652622,Bad,Bad,D
2002,South Korea and Japan,11.15,Argentina,Nigeria,1,1,0,519.2269872,404.0137679,Good,Bad,W
2002,South Korea and Japan,11.15,Sweden,Nigeria,1,2,1,440.9557015,389.0233285,Bad,Bad,W
2002,South Korea and Japan,11.15,Argentina,England,1,0,1,501.4328261,497.8968956,Bad,Bad,L
2002,South Korea and Japan,11.15,Sweden,Argentina,1,1,1,443.7129841,498.6755435,Bad,Bad,D
2002,South Korea and Japan,11.15,Nigeria,England,1,0,0,393.8792282,493.0409959,Bad,Bad,D
2002,South Korea and Japan,11.15,Croatia,Mexico,1,0,1,437.8225918,402.3402155,Good,Bad,L
2002,South Korea and Japan,11.15,Italy,Ecuador,1,0,1,564.5133326,423.9161599,Good,Neutral,L
2002,South Korea and Japan,11.15,Italy,Ecuador,1,2,0,574.3703133,414.0591792,Good,Neutral,W
2002,South Korea and Japan,11.15,Italy,Croatia,1,1,2,552.3869962,459.805909,Bad,Good,L
2002,South Korea and Japan,11.15,Mexico,Ecuador,1,2,1,418.8796892,397.5197055,Bad,Neutral,W
2002,South Korea and Japan,11.15,Mexico,Italy,1,1,1,424.7421782,546.5245071,Bad,Bad,D
2002,South Korea and Japan,11.15,Ecuador,Croatia,1,1,0,416.3577519,440.9678626,Neutral,Bad,W
2002,South Korea and Japan,11.15,Japan,Belgium,1,2,2,358.2667736,374.0415707,Neutral,Bad,D
2002,South Korea and Japan,11.15,Russia,Tunisia,1,2,0,408.7425169,348.2883483,Neutral,Bad,W
2002,South Korea and Japan,11.15,Japan,Russia,1,1,0,376.5750504,390.4342401,Bad,Bad,W
2002,South Korea and Japan,11.15,Tunisia,Belgium,1,1,1,349.4721608,372.8577583,Bad,Bad,D
2002,South Korea and Japan,11.15,Tunisia,Japan,1,0,2,334.7177693,391.3294418,Bad,Bad,L
2002,South Korea and Japan,11.15,Belgium,Russia,1,3,2,389.6664954,373.625503,Bad,Bad,W
2002,South Korea and Japan,11.15,Germany,Paraguay,2,1,0,470.9533048,397.4486208,Bad,Bad,W
2002,South Korea and Japan,11.15,Denmark,England,2,0,3,453.8503583,507.9233826,Bad,Bad,L
2002,South Korea and Japan,11.15,Sweden,Senegal,2,1,1,442.6364177,421.3768337,Bad,Neutral,D
2002,South Korea and Japan,11.15,Spain,Ireland,2,1,1,482.7093418,410.6081996,Good,Bad,D
2002,South Korea and Japan,11.15,Mexico,United States,2,0,2,403.7404096,333.3707398,Bad,Bad,L
2002,South Korea and Japan,11.15,Brazil,Belgium,2,2,0,641.4405544,383.4035209,Good,Bad,W
2002,South Korea and Japan,11.15,Japan,Turkey,2,0,1,375.5136368,411.1451671,Bad,Bad,L
2002,South Korea and Japan,11.15,South Korea,Italy,2,1,1,340.9775166,537.7411374,Bad,Bad,D
2002,South Korea and Japan,11.15,England,Brazil,3,1,2,497.7862649,651.577672,Bad,Good,L
2002,South Korea and Japan,11.15,Germany,United States,3,1,0,480.9290415,323.3950031,Good,Bad,W
2002,South Korea and Japan,11.15,Spain,South Korea,3,0,0,476.5218283,347.1650301,Good,Bad,D
2002,South Korea and Japan,11.15,Senegal,Turkey,3,0,0,420.9057842,411.6162166,Bad,Bad,D
2002,South Korea and Japan,11.15,Germany,South Korea,4,1,2,459.0563207,369.0377509,Good,Bad,L
2002,South Korea and Japan,11.15,Brazil,Turkey,4,1,0,658.0031317,405.190757,Good,Bad,W
2002,South Korea and Japan,11.15,South Korea,Turkey,5,0,0,370.6966752,403.5318327,Bad,Bad,D
2002,South Korea and Japan,11.15,Germany,Brazil,6,0,0,467.3327546,649.7266977,Bad,Good,D
2006,Germany,8.5,Germany,Costa Rica,1,4,2,480.7753763,397.8770746,Good,Bad,W
2006,Germany,8.5,Poland,Ecuador,1,0,2,432.5297808,433.9057596,Bad,Good,L
2006,Germany,8.5,Germany,Poland,1,1,0,494.5677559,418.7374012,Good,Bad,W
2006,Germany,8.5,Ecuador,Costa Rica,1,3,0,448.2524992,383.530335,Good,Bad,W
2006,Germany,8.5,Ecuador,Germany,1,0,3,434.3728505,508.4474046,Good,Good,L
2006,Germany,8.5,Costa Rica,Poland,1,1,2,369.1461533,433.1215828,Bad,Bad,L
2006,Germany,8.5,England,Paraguay,1,1,0,509.2898599,385.9450258,Good,Bad,W
2006,Germany,8.5,Trinidad and Tobago,Sweden,1,0,0,401.9536822,440.6827355,Neutral,Bad,D
2006,Germany,8.5,England,Trinidad and Tobago,1,2,0,520.4983244,390.7452177,Good,Neutral,W
2006,Germany,8.5,Sweden,Paraguay,1,1,0,454.182622,372.4451392,Bad,Bad,W
2006,Germany,8.5,Sweden,England,1,2,2,457.2000183,517.4809281,Bad,Good,D
2006,Germany,8.5,Paraguay,Trinidad and Tobago,1,2,0,389.2871105,373.9032465,Bad,Neutral,W
2006,Germany,8.5,Argentina,Cote d'Ivoire,1,2,1,510.2497304,388.425813,Bad,Neutral,W
2006,Germany,8.5,Serbia,Netherlands,1,0,1,387.6225212,492.4265254,Neutral,Good,L
2006,Germany,8.5,Argentina,Serbia,1,6,0,520.8259113,377.0463403,Good,Neutral,W
2006,Germany,8.5,Netherlands,Cote d'Ivoire,1,2,1,503.7752169,377.0771215,Good,Neutral,W
2006,Germany,8.5,Netherlands,Argentina,1,0,0,504.5598006,520.0413276,Bad,Bad,D
2006,Germany,8.5,Cote d'Ivoire,Serbia,1,3,2,393.075704,361.0477579,Neutral,Neutral,W
2006,Germany,8.5,Mexico,Iran,1,3,1,417.650093,344.1791578,Good,Bad,W
2006,Germany,8.5,Angola,Portugal,1,0,1,384.9621918,435.9567788,Neutral,Bad,L
2006,Germany,8.5,Mexico,Angola,1,0,0,416.1491854,386.4630993,Bad,Neutral,D
2006,Germany,8.5,Portugal,Iran,1,2,0,447.825902,332.3100346,Good,Bad,W
2006,Germany,8.5,Portugal,Mexico,1,2,1,462.3711639,401.6039235,Good,Bad,W
2006,Germany,8.5,Iran,Angola,1,1,1,334.7838747,383.9892593,Bad,Neutral,D
2006,Germany,8.5,Italy,Ghana,1,2,0,547.7106079,390.0305295,Bad,Neutral,W
2006,Germany,8.5,United States,Czech Republic,1,0,3,310.8667166,412.5282865,Bad,Neutral,L
2006,Germany,8.5,Italy,United States,1,1,1,538.2287206,320.3486039,Bad,Bad,D
2006,Germany,8.5,Czech Republic,Ghana,1,0,2,395.4936722,407.0651439,Neutral,Neutral,L
2006,Germany,8.5,Czech Republic,Italy,1,0,2,385.7204326,548.0019602,Neutral,Bad,L
2006,Germany,8.5,Ghana,United States,1,2,1,419.1526084,308.2611394,Neutral,Bad,W
2006,Germany,8.5,Brazil,Croatia,1,1,0,657.1241608,433.5703995,Good,Bad,W
2006,Germany,8.5,Australia,Japan,1,3,1,392.0856888,359.5412525,Neutral,Bad,W
2006,Germany,8.5,Brazil,Australia,1,2,0,662.8401938,386.3696557,Good,Bad,W
2006,Germany,8.5,Japan,Croatia,1,0,0,362.8997485,430.2119035,Bad,Bad,D
2006,Germany,8.5,Japan,Brazil,1,1,4,358.0669963,667.672946,Bad,Good,L
2006,Germany,8.5,Croatia,Australia,1,2,2,428.2035421,388.3780171,Bad,Bad,D
2006,Germany,8.5,France,Switzerland,1,0,0,473.5593648,329.6812909,Bad,Bad,D
2006,Germany,8.5,South Korea,Togo,1,2,1,388.0429524,382.6537228,Bad,Neutral,W
2006,Germany,8.5,France,South Korea,1,1,1,469.6988361,391.9034811,Bad,Bad,D
2006,Germany,8.5,Togo,Switzerland,1,0,2,364.2329808,348.1020329,Neutral,Bad,L
2006,Germany,8.5,Togo,France,1,0,2,352.9459834,480.9858334,Neutral,Bad,L
2006,Germany,8.5,Switzerland,South Korea,1,2,0,366.108545,373.896969,Bad,Bad,W
2006,Germany,8.5,Spain,Ukraine,1,4,0,489.0537647,387.4680635,Good,Neutral,W
2006,Germany,8.5,Tunisia,Saudi Arabia,1,2,2,335.2904837,346.5867051,Bad,Bad,D
2006,Germany,8.5,Spain,Tunisia,1,3,1,498.4014546,325.9427938,Good,Bad,W
2006,Germany,8.5,Saudi Arabia,Ukraine,1,0,4,332.4607204,401.5940482,Bad,Neutral,L
2006,Germany,8.5,Saudi Arabia,Spain,1,0,1,323.5700352,507.2921398,Bad,Good,L
2006,Germany,8.5,Ukraine,Tunisia,1,1,0,414.1642132,313.3726289,Neutral,Bad,W
2006,Germany,8.5,Germany,Sweden,2,2,0,522.1043431,443.5430798,Good,Bad,W
2006,Germany,8.5,Argentina,Mexico,2,1,1,514.7889765,406.8562746,Bad,Bad,D
2006,Germany,8.5,England,Ecuador,2,1,0,529.7250239,422.1287547,Good,Good,W
2006,Germany,8.5,Portugal,Netherlands,2,1,0,480.3045293,486.6264352,Good,Bad,W
2006,Germany,8.5,Italy,Australia,2,1,0,557.1279871,379.2519902,Good,Bad,W
2006,Germany,8.5,Switzerland,Ukraine,2,0,0,368.3075847,411.9651734,Bad,Neutral,D
2006,Germany,8.5,Brazil,Ghana,2,3,0,673.8491226,412.9764319,Good,Neutral,W
2006,Germany,8.5,Spain,France,2,1,3,490.0829994,498.1949739,Good,Bad,L
2006,Germany,8.5,Germany,Argentina,3,1,1,521.7675078,515.1258118,Good,Bad,D
2006,Germany,8.5,Italy,Ukraine,3,3,0,566.806616,402.2865446,Good,Bad,W
2006,Germany,8.5,England,Portugal,3,0,0,527.4643524,482.5652008,Good,Good,D
2006,Germany,8.5,Brazil,France,3,0,1,650.3852994,521.658797,Good,Good,L
2006,Germany,8.5,Germany,Italy,4,0,0,523.8300946,564.7440292,Good,Good,D
2006,Germany,8.5,Portugal,France,4,0,1,468.3579678,535.86603,Good,Good,L
2006,Germany,8.5,Germany,Portugal,5,3,1,537.2969967,454.8910657,Good,Bad,W
2006,Germany,8.5,Italy,France,6,1,1,563.4172022,537.1928569,Good,Good,D
2010,South Africa,17.75,South Africa,Mexico,1,1,1,393.0215412,406.1888114,Bad,Bad,D
2010,South Africa,17.75,Uruguay,France,1,0,0,374.2622897,529.9271167,Bad,Good,D
2010,South Africa,17.75,South Africa,Uruguay,1,0,3,376.1584843,391.1253466,Bad,Bad,L
2010,South Africa,17.75,France,Mexico,1,0,2,508.4580588,427.6578693,Bad,Bad,L
2010,South Africa,17.75,Mexico,Uruguay,1,0,1,409.9816575,408.8015584,Bad,Bad,L
2010,South Africa,17.75,France,South Africa,1,1,2,486.6437822,397.9727609,Bad,Bad,L
2010,South Africa,17.75,South Korea,Greece,1,2,0,388.9970496,339.2347403,Bad,Neutral,W
2010,South Africa,17.75,Argentina,Nigeria,1,1,0,525.7583423,383.2466978,Bad,Bad,W
2010,South Africa,17.75,Argentina,South Korea,1,4,1,535.7665671,378.9888247,Bad,Bad,W
2010,South Africa,17.75,Greece,Nigeria,1,2,1,357.2507935,365.2306446,Bad,Bad,W
2010,South Africa,17.75,Nigeria,South Korea,1,2,2,365.8639012,378.355568,Bad,Bad,D
2010,South Africa,17.75,Greece,Argentina,1,0,2,348.8173249,544.2000357,Bad,Good,L
2010,South Africa,17.75,England,United States,1,1,1,518.5254131,317.2000787,Bad,Bad,D
2010,South Africa,17.75,Algeria,Slovenia,1,0,1,389.9869402,373.8767374,Bad,Neutral,L
2010,South Africa,17.75,Slovenia,United States,1,2,2,371.289589,319.7872271,Bad,Bad,D
2010,South Africa,17.75,England,Algeria,1,0,0,512.862057,395.6502963,Bad,Bad,D
2010,South Africa,17.75,United States,Algeria,1,1,0,339.2263671,376.2111563,Bad,Bad,W
2010,South Africa,17.75,Slovenia,England,1,0,1,361.4708602,522.6807858,Bad,Bad,L
2010,South Africa,17.75,Serbia,Ghana,1,0,1,347.4215121,426.6026776,Neutral,Good,L
2010,South Africa,17.75,Germany,Australia,1,4,0,546.4824309,370.0665559,Good,Bad,W
2010,South Africa,17.75,Germany,Serbia,1,0,1,522.2021488,371.7017942,Bad,Bad,L
2010,South Africa,17.75,Ghana,Australia,1,1,1,424.0218324,372.6474012,Good,Bad,D
2010,South Africa,17.75,Australia,Serbia,1,2,1,388.6038545,355.7453409,Bad,Bad,W
2010,South Africa,17.75,Ghana,Germany,1,0,1,412.4265761,533.7974051,Bad,Good,L
2010,South Africa,17.75,Netherlands,Denmark,1,2,0,501.1215028,439.3552907,Good,Bad,W
2010,South Africa,17.75,Japan,Cameroon,1,1,0,376.3470493,389.6369506,Bad,Bad,W
2010,South Africa,17.75,Netherlands,Japan,1,1,0,511.6103467,365.8582055,Good,Bad,W
2010,South Africa,17.75,Cameroon,Denmark,1,1,2,375.911063,453.0811784,Bad,Bad,L
2010,South Africa,17.75,Denmark,Japan,1,1,3,433.1467232,385.7926606,Bad,Bad,L
2010,South Africa,17.75,Cameroon,Netherlands,1,1,2,365.8607415,521.6606682,Bad,Good,L
2010,South Africa,17.75,Italy,Paraguay,1,1,1,556.0084036,396.6959092,Bad,Bad,D
2010,South Africa,17.75,New Zealand,Slovakia,1,1,1,364.9035371,398.3123291,Neutral,Neutral,D
2010,South Africa,17.75,Slovakia,Paraguay,1,0,2,382.2378908,412.7703475,Neutral,Bad,L
2010,South Africa,17.75,Italy,New Zealand,1,1,1,547.9995523,372.9123883,Bad,Bad,D
2010,South Africa,17.75,Slovakia,Italy,1,3,2,405.3405856,524.8968575,Neutral,Bad,W
2010,South Africa,17.75,Paraguay,New Zealand,1,0,0,410.9428308,374.739905,Bad,Bad,D
2010,South Africa,17.75,Cote d'Ivoire,Portugal,1,0,0,395.8927445,452.0740252,Neutral,Bad,D
2010,South Africa,17.75,Brazil,North Korea,1,2,1,656.2990983,386.6537855,Good,Bad,W
2010,South Africa,17.75,Brazil,Cote d'Ivoire,1,3,1,662.1413963,390.0504465,Good,Bad,W
2010,South Africa,17.75,Portugal,North Korea,1,7,0,465.0964191,373.6313916,Bad,Bad,W
2010,South Africa,17.75,Portugal,Brazil,1,0,0,473.3085239,653.9292915,Bad,Good,D
2010,South Africa,17.75,North Korea,Cote d'Ivoire,1,0,3,358.3869546,405.2948835,Bad,Bad,L
2010,South Africa,17.75,Honduras,Chile,1,0,1,366.2475135,383.1136759,Neutral,Bad,L
2010,South Africa,17.75,Spain,Switzerland,1,0,1,468.693928,389.6966561,Good,Good,L
2010,South Africa,17.75,Chile,Switzerland,1,1,0,399.4167971,373.393535,Bad,Good,W
2010,South Africa,17.75,Spain,Honduras,1,2,0,480.1082334,354.8332081,Good,Bad,W
2010,South Africa,17.75,Chile,Spain,1,1,2,387.0673732,492.4576573,Bad,Good,L
2010,South Africa,17.75,Switzerland,Honduras,1,0,0,372.5396125,355.6871305,Bad,Bad,D
2010,South Africa,17.75,Uruguay,South Korea,2,2,1,423.4030467,363.7540798,Good,Bad,W
2010,South Africa,17.75,United States,Ghana,2,1,1,342.5483529,409.1045903,Bad,Bad,D
2010,South Africa,17.75,Germany,England,2,4,1,549.2856405,507.1925504,Good,Bad,W
2010,South Africa,17.75,Argentina,Mexico,2,3,1,554.3092182,399.872475,Good,Bad,W
2010,South Africa,17.75,Netherlands,Slovakia,2,2,1,532.4954891,394.5057646,Good,Neutral,W
2010,South Africa,17.75,Brazil,Chile,2,3,0,659.5962092,381.4004555,Good,Bad,W
2010,South Africa,17.75,Paraguay,Japan,2,0,0,409.7866415,386.94885,Bad,Bad,D
2010,South Africa,17.75,Spain,Portugal,2,1,0,507.5766989,458.1894822,Good,Bad,W
2010,South Africa,17.75,Netherlands,Brazil,3,2,1,554.100845,637.9908533,Good,Good,W
2010,South Africa,17.75,Uruguay,Ghana,3,1,1,422.7449499,409.7626871,Good,Bad,D
2010,South Africa,17.75,Argentina,Germany,3,0,4,538.07789,565.5169687,Good,Good,L
2010,South Africa,17.75,Paraguay,Spain,3,0,1,398.17477,519.1885704,Bad,Good,L
2010,South Africa,17.75,Uruguay,Netherlands,4,2,3,412.5214701,564.3243249,Good,Good,L
2010,South Africa,17.75,Germany,Spain,4,0,1,547.3960228,537.3095163,Good,Good,L
2010,South Africa,17.75,Uruguay,Germany,5,2,3,402.4383913,557.4791016,Bad,Good,L
2010,South Africa,17.75,Netherlands,Spain,6,0,0,563.0827481,538.5510931,Good,Good,D
2014,Brazil,24.95,Brazil,Croatia,1,3,1,645.3546984,420.8396969,Good,Bad,W
2014,Brazil,24.95,Mexico,Cameroon,1,1,0,414.3111611,351.4220554,Bad,Bad,W
2014,Brazil,24.95,Brazil,Mexico,1,0,0,636.0478325,423.618027,Bad,Bad,D
2014,Brazil,24.95,Cameroon,Croatia,1,0,4,338.5769856,433.6847668,Bad,Bad,L
2014,Brazil,24.95,Cameroon,Brazil,1,1,4,333.6856162,640.9392019,Bad,Good,L
2014,Brazil,24.95,Croatia,Mexico,1,1,3,417.221306,440.0814878,Bad,Bad,L
2014,Brazil,24.95,Spain,Netherlands,1,1,5,523.6789439,577.9548973,Good,Good,L
2014,Brazil,24.95,Chile,Australia,1,3,1,397.7321368,372.2721732,Good,Bad,W
2014,Brazil,24.95,Spain,Chile,1,0,2,502.1202597,419.290821,Bad,Good,L
2014,Brazil,24.95,Australia,Netherlands,1,2,3,364.7735216,585.4535489,Bad,Good,L
2014,Brazil,24.95,Australia,Spain,1,0,3,354.7884619,512.1053194,Bad,Bad,L
2014,Brazil,24.95,Netherlands,Chile,1,2,0,594.3360316,410.4083383,Good,Bad,W
2014,Brazil,24.95,Colombia,Greece,1,3,0,387.058375,333.889322,Good,Bad,W
2014,Brazil,24.95,Cote d'Ivoire,Japan,1,2,1,420.4508018,371.7929317,Good,Bad,W
2014,Brazil,24.95,Colombia,Cote d'Ivoire,1,2,1,404.5914355,402.9177413,Good,Bad,W
2014,Brazil,24.95,Japan,Greece,1,0,0,370.0542981,335.6279556,Bad,Bad,D
2014,Brazil,24.95,Japan,Colombia,1,1,4,355.6395738,419.0061598,Bad,Good,L
2014,Brazil,24.95,Greece,Cote d'Ivoire,1,2,1,354.6885917,383.8571052,Bad,Bad,W
2014,Brazil,24.95,Uruguay,Costa Rica,1,1,3,384.9099024,386.6746422,Bad,Bad,L
2014,Brazil,24.95,England,Italy,1,1,2,492.0071589,540.082249,Bad,Bad,L
2014,Brazil,24.95,Uruguay,England,1,2,1,405.6914199,471.2256414,Bad,Bad,W
2014,Brazil,24.95,Italy,Costa Rica,1,0,1,517.4434926,409.3133986,Bad,Bad,L
2014,Brazil,24.95,Italy,Uruguay,1,0,1,496.4675473,426.6673651,Bad,Bad,L
2014,Brazil,24.95,Costa Rica,England,1,0,0,412.1347621,468.4042779,Bad,Bad,D
2014,Brazil,24.95,Switzerland,Ecuador,1,2,1,390.8078949,403.8604723,Bad,Bad,W
2014,Brazil,24.95,France,Honduras,1,3,0,496.883258,345.4476547,Bad,Bad,W
2014,Brazil,24.95,Switzerland,France,1,2,5,379.5465177,508.1446352,Bad,Bad,L
2014,Brazil,24.95,Honduras,Ecuador,1,1,2,332.1126023,417.1955248,Bad,Bad,L
2014,Brazil,24.95,Honduras,Switzerland,1,0,3,318.2835433,393.3755767,Bad,Bad,L
2014,Brazil,24.95,Ecuador,France,1,0,0,421.2907686,504.0493914,Bad,Bad,D
2014,Brazil,24.95,Argentina,Bosnia-Herzegovina,1,2,1,548.0340604,390.0438296,Good,Neutral,W
2014,Brazil,24.95,Iran,Nigeria,1,0,0,336.2113571,364.4364188,Bad,Bad,D
2014,Brazil,24.95,Argentina,Iran,1,1,0,555.3316907,328.9137268,Good,Bad,W
2014,Brazil,24.95,Nigeria,Bosnia-Herzegovina,1,1,0,381.6135529,372.8666955,Bad,Neutral,W
2014,Brazil,24.95,Nigeria,Argentina,1,2,3,373.0074399,563.9378037,Bad,Good,L
2014,Brazil,24.95,Bosnia-Herzegovina,Iran,1,3,1,386.8533157,314.9271065,Neutral,Bad,W
2014,Brazil,24.95,Germany,Portugal,1,4,0,569.0271859,446.6413979,Good,Bad,W
2014,Brazil,24.95,Ghana,United States,1,1,2,390.7053986,361.6056413,Bad,Bad,L
2014,Brazil,24.95,Germany,Ghana,1,2,2,561.4675919,398.2649927,Good,Bad,D
2014,Brazil,24.95,United States,Portugal,1,2,2,365.4453167,442.8017225,Bad,Bad,D
2014,Brazil,24.95,United States,Germany,1,0,1,357.6226788,569.2902298,Bad,Good,L
2014,Brazil,24.95,Portugal,Ghana,1,2,1,456.7618909,384.3048243,Bad,Bad,W
2014,Brazil,24.95,Belgium,Algeria,1,2,1,399.0723476,360.5423296,Bad,Bad,W
2014,Brazil,24.95,Russia,South Korea,1,1,1,373.1710295,364.2085533,Bad,Bad,D
2014,Brazil,24.95,Belgium,Russia,1,1,0,413.8817526,358.3616244,Good,Bad,W
2014,Brazil,24.95,South Korea,Algeria,1,2,4,348.0397237,376.7111592,Bad,Bad,L
2014,Brazil,24.95,South Korea,Belgium,1,0,1,335.036077,426.8853994,Bad,Good,L
2014,Brazil,24.95,Algeria,Russia,1,1,1,375.8669167,359.2058669,Bad,Bad,D
2014,Brazil,24.95,Brazil,Chile,2,1,1,631.6479705,419.6995696,Bad,Bad,D
2014,Brazil,24.95,Colombia,Uruguay,2,2,0,435.3589141,410.3146108,Good,Bad,W
2014,Brazil,24.95,Netherlands,Mexico,2,2,1,603.6650198,430.7524996,Good,Bad,W
2014,Brazil,24.95,Costa Rica,Greece,2,1,1,409.5131154,357.3102385,Bad,Bad,D
2014,Brazil,24.95,France,Nigeria,2,2,0,514.2854485,362.7713828,Good,Bad,W
2014,Brazil,24.95,Germany,Algeria,2,0,0,561.2016289,383.9555176,Good,Bad,D
2014,Brazil,24.95,Argentina,Switzerland,2,0,0,556.6586936,400.6546868,Good,Bad,D
2014,Brazil,24.95,Belgium,United States,2,0,0,423.7373268,360.7707514,Good,Bad,D
2014,Brazil,24.95,Brazil,Colombia,3,2,1,639.4615354,427.5453493,Good,Good,W
2014,Brazil,24.95,France,Germany,3,0,1,500.4329811,575.0540962,Good,Good,L
2014,Brazil,24.95,Netherlands,Costa Rica,3,0,0,595.5514675,417.6266676,Good,Bad,D
2014,Brazil,24.95,Argentina,Belgium,3,1,0,566.81958,413.5764405,Good,Good,W
2014,Brazil,24.95,Brazil,Germany,4,1,7,620.5289794,593.9866521,Bad,Good,L
2014,Brazil,24.95,Netherlands,Argentina,4,0,0,594.2313232,568.1397243,Good,Good,D
2014,Brazil,24.95,Brazil,Netherlands,5,0,3,603.3202351,611.4400676,Bad,Good,L
2014,Brazil,24.95,Germany,Argentina,6,0,0,592.7985481,569.3278283,Good,Bad,D
2018,Russia,-5.1,Russia,Saudi Arabia,1,5,0,373.570507,309.2053952,Bad,Bad,W
2018,Russia,-5.1,Egypt,Uruguay,1,0,1,361.9399918,424.7569197,Bad,Good,L
2018,Russia,-5.1,Russia,Egypt,1,3,1,389.0351019,346.4753968,Bad,Bad,W
2018,Russia,-5.1,Uruguay,Saudi Arabia,1,1,0,435.6234681,298.3388467,Good,Bad,W
2018,Russia,-5.1,Uruguay,Russia,1,3,0,449.4907618,375.1678083,Good,Bad,W
2018,Russia,-5.1,Saudi Arabia,Egypt,1,2,1,316.5415408,328.2727028,Bad,Bad,W
2018,Russia,-5.1,Morocco,Iran,1,0,1,340.5344514,332.9247112,Bad,Bad,L
2018,Russia,-5.1,Portugal,Spain,1,3,3,459.2892102,509.5780001,Bad,Bad,D
2018,Russia,-5.1,Portugal,Morocco,1,1,0,470.0238233,329.7998384,Bad,Bad,W
2018,Russia,-5.1,Iran,Spain,1,0,1,324.4244854,518.078226,Bad,Bad,L
2018,Russia,-5.1,Iran,Portugal,1,1,1,330.7628129,463.6854957,Bad,Bad,D
2018,Russia,-5.1,Spain,Morocco,1,2,2,510.1673225,337.7107419,Bad,Bad,D
2018,Russia,-5.1,France,Australia,1,2,1,510.0928995,345.1285435,Good,Bad,W
2018,Russia,-5.1,Peru,Denmark,1,0,1,359.4911383,446.3924463,Bad,Bad,L
2018,Russia,-5.1,Denmark,Australia,1,1,1,441.8567837,349.664206,Bad,Bad,D
2018,Russia,-5.1,France,Peru,1,1,0,519.5614689,350.0225689,Good,Bad,W
2018,Russia,-5.1,Denmark,France,1,0,0,445.3767221,516.0415305,Bad,Good,D
2018,Russia,-5.1,Australia,Peru,1,0,2,333.6807093,366.0060657,Bad,Bad,L
2018,Russia,-5.1,Argentina,Iceland,1,1,1,562.0938715,407.2339568,Bad,Neutral,D
2018,Russia,-5.1,Croatia,Nigeria,1,2,0,430.7341236,349.2585651,Bad,Bad,W
2018,Russia,-5.1,Argentina,Croatia,1,0,3,540.317197,452.5107981,Bad,Good,L
2018,Russia,-5.1,Nigeria,Iceland,1,2,0,367.9039232,388.5885987,Bad,Neutral,W
2018,Russia,-5.1,Nigeria,Argentina,1,1,2,359.2504697,548.9706505,Bad,Bad,L
2018,Russia,-5.1,Iceland,Croatia,1,1,2,375.4995537,465.5998431,Neutral,Good,L
2018,Russia,-5.1,Costa Rica,Serbia,1,0,1,398.8066835,374.565325,Bad,Bad,L
2018,Russia,-5.1,Brazil,Switzerland,1,1,1,594.9190658,409.0558561,Bad,Bad,D
2018,Russia,-5.1,Brazil,Costa Rica,1,2,0,602.7386384,390.9871109,Bad,Bad,W
2018,Russia,-5.1,Serbia,Switzerland,1,1,2,360.1484754,423.4727056,Bad,Bad,L
2018,Russia,-5.1,Serbia,Brazil,1,0,2,353.8003711,609.0867427,Bad,Bad,L
2018,Russia,-5.1,Switzerland,Costa Rica,1,2,2,421.9810331,392.4787834,Bad,Bad,D
2018,Russia,-5.1,Germany,Mexico,1,0,1,569.8338941,453.7171537,Bad,Good,L
2018,Russia,-5.1,Sweden,South Korea,1,1,0,454.702511,323.8766457,Bad,Bad,W
2018,Russia,-5.1,South Korea,Mexico,1,1,2,313.5923807,464.0014188,Bad,Good,L
2018,Russia,-5.1,Germany,Sweden,1,2,1,580.7178058,443.8185993,Good,Bad,W
2018,Russia,-5.1,South Korea,Germany,1,2,0,339.9325332,554.3776532,Bad,Bad,W
2018,Russia,-5.1,Mexico,Sweden,1,0,3,447.0730097,460.7470084,Good,Bad,L
2018,Russia,-5.1,Belgium,Panama,1,3,0,428.9515403,384.6249002,Good,Neutral,W
2018,Russia,-5.1,Tunisia,England,1,1,2,304.073179,477.7037278,Bad,Bad,L
2018,Russia,-5.1,Belgium,Tunisia,1,5,2,439.4361672,293.5885521,Good,Bad,W
2018,Russia,-5.1,England,Panama,1,6,1,489.5169767,372.8116512,Bad,Neutral,W
2018,Russia,-5.1,England,Belgium,1,0,1,471.2265117,457.7266322,Bad,Good,L
2018,Russia,-5.1,Panama,Tunisia,1,1,2,353.2252359,313.1749674,Neutral,Bad,L
2018,Russia,-5.1,Colombia,Japan,1,1,2,408.2804486,374.9044745,Good,Bad,L
2018,Russia,-5.1,Poland,Senegal,1,1,2,416.5592562,437.4681108,Bad,Bad,L
2018,Russia,-5.1,Japan,Senegal,1,2,2,377.7548935,434.6176919,Bad,Bad,D
2018,Russia,-5.1,Poland,Colombia,1,0,3,400.1780752,424.6616296,Bad,Good,L
2018,Russia,-5.1,Japan,Poland,1,0,1,362.7860878,415.1468808,Bad,Bad,L
2018,Russia,-5.1,Senegal,Colombia,1,0,1,418.1593237,441.1199978,Bad,Good,L
2018,Russia,-5.1,France,Argentina,2,4,3,533.5534481,531.4587328,Good,Bad,W
2018,Russia,-5.1,Uruguay,Portugal,2,2,1,466.14409,447.0321675,Good,Bad,W
2018,Russia,-5.1,Spain,Russia,2,1,1,504.2454343,381.0896965,Bad,Bad,D
2018,Russia,-5.1,Croatia,Denmark,2,1,1,464.6695843,446.3069809,Good,Bad,D
2018,Russia,-5.1,Brazil,Mexico,2,2,0,618.1232949,438.0364574,Good,Bad,W
2018,Russia,-5.1,Belgium,Japan,2,3,2,469.4601291,351.052591,Good,Bad,W
2018,Russia,-5.1,Sweden,Switzerland,2,1,0,474.969141,407.7589005,Good,Bad,W
2018,Russia,-5.1,Colombia,England,2,1,1,442.5029942,469.8435153,Bad,Bad,D
2018,Russia,-5.1,Uruguay,France,3,0,2,453.2100308,546.4875073,Good,Good,L
2018,Russia,-5.1,Brazil,Belgium,3,1,2,595.6664322,491.9169918,Good,Good,L
2018,Russia,-5.1,Sweden,England,3,0,2,458.7331143,486.079542,Good,Good,L
2018,Russia,-5.1,Russia,Croatia,3,1,1,384.8661245,460.8931563,Bad,Good,D
2018,Russia,-5.1,France,Belgium,4,1,0,559.994906,478.4095931,Good,Good,W
2018,Russia,-5.1,Croatia,England,4,1,1,462.0510047,484.9216936,Bad,Bad,D
2018,Russia,-5.1,Belgium,England,5,2,0,494.7094513,468.6218354,Good,Bad,W
2018,Russia,-5.1,France,Croatia,6,4,2,571.6002264,450.4456843,Good,Bad,W
